,CXSMILES,HLM,Molecule Name,Set,hlm_value_unscaled,hlm_value_unscaled_log10,hlm_value_scaled_high,hlm_value_scaled_low,hlm_value_scaled_log10_high,hlm_value_scaled_log10_low,dataset,data_year
0,CN(C1=CC=C2CNCC2=C1)[C@H](C(=O)NCC(F)F)C1=CC(Cl)=CC(C2CC2)=C1 |&1:11|,17.1,ASAP-0031351,Train,17.1,1.2576785748691846,17.5788,14.364,1.2690176595925797,1.1865042984931387,openadmet_polaris,2025
1,N#CC1=CC2=C(C=C1NC(=O)C1=CC(F)=CC3=C1C=NN3)CNC2,16.7,ASAP-0031265,Train,16.7,1.2479732663618066,17.1676,14.027999999999999,1.2592975593608895,1.176901186391347,openadmet_polaris,2025
2,O=C(NC1=CC=C2CNCC2=C1)C1=CC(F)=CC(C2=CNN=C2)=C1,36.3,ASAP-0031004,Train,36.3,1.5717088318086876,37.316399999999994,30.491999999999997,1.5833846983819857,1.4982002427699819,openadmet_polaris,2025
3,COCCNC(=O)[C@H](NC1=CC=C2CNCC2=C1)C1=CC(Cl)=CC(C2CC2)=C1 |o1:7|,19.7,ASAP-0030761,Train,19.7,1.3159703454569178,20.2516,16.548,1.327391632975154,1.2442276257329075,openadmet_polaris,2025
4,O=C(NC1=CC(Br)=C2CNCC2=C1)C1=CC(F)=CC2=C1C=NN2,13.6,ASAP-0030792,Train,13.6,1.1643528557844371,13.9808,11.424,1.17553500604092,1.0942614427205022,openadmet_polaris,2025
5,CC(C)NC(=O)[C@H](NC1=CC=C2CNCC2=C1)C1=CC(Cl)=CC2=C1N=C(C1=CC=CC=C1)N2 |&1:6|,23.2,ASAP-0030826,Train,23.2,1.3838153659804313,23.8496,19.488,1.3953194023574431,1.3114995654603732,openadmet_polaris,2025
6,O=C(NC1=CC2=C(C=C1Br)CNC2)C1=CC(F)=CC2=C1C=NN2,11.4,ASAP-0030085,Train,11.4,1.0934216851622351,11.7192,9.576,1.1044597963350657,1.024321442141565,openadmet_polaris,2025
7,O=C(NC1=CC=C2CNCC2=C1)C1=CC=CC2=C1C=C(C(F)(F)F)N2,14.1,ASAP-0030028,Train,14.1,1.1789769472931695,14.4948,11.844,1.1901859749310975,1.1087002968944648,openadmet_polaris,2025
8,CC1=C(C(=O)NC2=CC([C@H]3CCOC3)=CC=N2)C=C(C2CC2)N1C |&1:9|,57.7,ASAP-0029521,Train,57.7,1.7686381012476144,59.3156,48.468,1.78042965240054,1.6943243521163103,openadmet_polaris,2025
9,O=C(NC1=CC=C2CNCC2=C1)C1=CC(Br)=CC2=C1N=C(C1=CC=CC=C1)N2,12.8,ASAP-0029352,Train,12.8,1.1398790864012365,13.1584,10.752,1.1510141777582517,1.0701117827822002,openadmet_polaris,2025
10,N#C[C@H](NC1=CC=C2CNCC2=C1)C1=CC(Cl)=CC2=C1C=NN2 |&1:2|,10.3,ASAP-0028904,Train,10.3,1.0530784434834197,10.588400000000002,8.652000000000001,1.064023477452901,0.9846173132367483,openadmet_polaris,2025
11,"O=C(NC1=CC(Cl)=CC([C@H]2CN(CC3=CC=CC=C3)C[C@@H]2C2=CC=CC(C3=NNN=N3)=C2)=C1)OCC1=CC=CC=C1 |&1:9,20|",46.3,ASAP-0027928,Train,46.3,1.6748611407378116,47.596399999999996,38.891999999999996,1.686604098109132,1.6008858103682484,openadmet_polaris,2025
12,C=CC[C@H](NC1=CC=C(C2=NNN=N2)C=C1)C1=CC(Cl)=CC(NC(=O)OCC2=CC=CC=C2)=C1 |&1:3|,10.1,ASAP-0027983,Train,10.1,1.0453229787866574,10.3828,8.484,1.0562491052027307,0.9769915453061505,openadmet_polaris,2025
13,CCN1C(C)=NN=C1SC1=CC(C)=NC2=NC=NN12,16.5,ASAP-0027872,Train,16.5,1.2430380486862944,16.962,13.86,1.2543546920531665,1.1720188094245565,openadmet_polaris,2025
14,CC1=NC2=NC=NN2C(SC2=NN=C(C)O2)=C1,182.0,ASAP-0027864,Train,182.0,2.2624510897304293,187.096,152.88,2.2743795600564995,2.187182177634778,openadmet_polaris,2025
15,COC1=CC=C(C2=NN=C(SC3=CC(C)=NC4=NC=NN34)O2)C=C1,141.0,ASAP-0027845,Train,141.0,2.1522883443830563,144.948,118.44,2.16419814800567,2.077149794716969,openadmet_polaris,2025
16,C=CC[C@H](NC1=CC=CC(C2=NNN=N2)=C1)C1=CC(Cl)=CC(NC(=O)OCC2=CC=CC=C2)=C1 |&1:3|,65.5,ASAP-0027823,Train,65.5,1.8228216453031045,67.334,55.019999999999996,1.8346368433347593,1.7483431044875493,openadmet_polaris,2025
17,C1=CC=C(C2=NC3=NC=NN3C(SC3=NN=C(N4CCOCC4)S3)=C2)C=C1,290.0,ASAP-0027763,Train,290.0,2.4638929889859074,298.12,243.6,2.4758454521461633,2.3884564527002667,openadmet_polaris,2025
18,N#C[C@H](NC1=CC=CC(C2=NNN=N2)=C1)C1=CC(Cl)=CC(NC(=O)OCC2=CC=CC=C2)=C1 |&1:2|,13.6,ASAP-0027741,Train,13.6,1.1643528557844371,13.9808,11.424,1.17553500604092,1.0942614427205022,openadmet_polaris,2025
19,N#C[C@H](NC1=CC=CC(C(=O)O)=C1)C1=CC(Cl)=CC2=C1C=NN2 |&1:2|,12.0,ASAP-0027804,Train,12.0,1.1139433523068367,12.336,10.08,1.125025586819949,1.044539760392411,openadmet_polaris,2025
20,CNCC1=NC2=NC=NN2C(SC2=NN=C(C3=CC=C(Cl)C=C3)N2C)=C1,0.0,ASAP-0027762,Train,0.0,0.0,0.0,0.0,0.0,0.0,openadmet_polaris,2025
21,CNC(=O)[C@H](NC1=CC(Cl)=CC(NC(=O)OCC2=CC=CC=C2)=C1)C1=CC=CC(C2=NNN=N2)=C1 |&1:4|,21.3,ASAP-0027759,Train,21.3,1.3483048630481607,21.8964,17.892,1.3597672036045256,1.2762779369046624,openadmet_polaris,2025
22,C1=CC=C(C2=NC3=NN=CN3C(SC3=NC(C4=CC=CC=N4)=NO3)=C2)C=C1,0.0,ASAP-0027553,Train,0.0,0.0,0.0,0.0,0.0,0.0,openadmet_polaris,2025
23,CCN1C(C)=NN=C1SC1=CC(C2=CC=CC=C2)=NC2=NC=NN12,35.1,ASAP-0023327,Train,35.1,1.557507201905658,36.0828,29.484,1.5691725188553929,1.4840719529546211,openadmet_polaris,2025
24,ClC1=CC=C(C2=CN=C(SC3=CC(C4=CC=CC=C4)=NC4=NN=CN34)O2)C=C1,25.2,ASAP-0023517,Train,25.2,1.4183012913197455,25.9056,21.168,1.4298426813400917,1.3457265127741753,openadmet_polaris,2025
25,O=C(NC1=CC(Cl)=CC(C(=O)NC2=CC=CC(N3N=NNC3=O)=C2)=C1)OCC1=CC=CC=C1,11.2,ASAP-0023274,Train,11.2,1.0863598306747482,11.5136,9.408,1.097382268543916,1.01736728355353,openadmet_polaris,2025
26,"O=C(N[C@H]1[C@H]2CCCCC[C@H]2[C@H]1C(=O)NC1=CC=CC(C2CCNCC2)=C1)OCC1=CC=CC=C1 |&1:3,4,10,11|",31.3,ASAP-0023249,Train,31.3,1.5092025223311027,32.1764,26.291999999999998,1.5208292585732728,1.4360353626078686,openadmet_polaris,2025
27,CC[C@H](CC1=NN=NN1)C1=CC=C(NC(=O)C2=CC(Cl)=CC(NC(=O)OCC3=CC=CC=C3)=C2)C=C1 |&1:2|,24.9,ASAP-0023266,Train,24.9,1.413299764081252,25.5972,20.915999999999997,1.4248359190162132,1.3407612917626721,openadmet_polaris,2025
28,CN1C(SC2=CC(C3=CC=CC=C3)=NC3=NC=NN23)=NN=C1C1=CC=NC=C1,174.0,ASAP-0022872,Train,174.0,2.2430380486862944,178.872,146.16,2.254963563612844,2.167789779159089,openadmet_polaris,2025
29,C1=CC=C(C2=NC3=NC=NN3C(SC3=NC=CO3)=C2)C=C1,332.0,ASAP-0022831,Train,332.0,2.5224442335063197,341.296,278.88,2.534401824092368,2.446971865240103,openadmet_polaris,2025
30,CC(C)COC1=NOC2=CC(OCCCC3=CC(C(=O)N(C)C)=NO3)=CC=C12,41.1,ASAP-0022679,Train,41.1,1.6242820958356683,42.250800000000005,34.524,1.6359941449192674,1.550521861389246,openadmet_polaris,2025
31,CC(C)COC1=CC=C2C(OCCCC3=CC(C(=O)N(C)C)=NO3)=NOC2=C1,95.1,ASAP-0022579,Train,95.1,1.9827233876685453,97.7628,79.88399999999999,1.9945933940111256,1.9078626205128668,openadmet_polaris,2025
32,CC1=CC=C(C2=NN=C(SC3=CC(C4=CC=CC=C4)=NC4=NC=NN34)N2C)C=C1,238.0,ASAP-0022881,Train,238.0,2.3783979009481375,244.66400000000002,199.92,2.390341518926754,2.3030231694875116,openadmet_polaris,2025
33,CN(C)C(=O)C1=NOC(CCCOC2=CC=C3C(OCC4CC4)=NOC3=C2)=C1,35.5,ASAP-0021312,Train,35.5,1.5622928644564746,36.494,29.82,1.573961775051052,1.4888326343824005,openadmet_polaris,2025
34,CCOC1=NOC2=CC(OCCCC3=CC(C(=O)N(C)C)=NO3)=CC=C12,31.2,ASAP-0021658,Train,31.2,1.507855871695831,32.0736,26.208,1.51948146963526,1.4346966189246657,openadmet_polaris,2025
35,CCOC1=NOC2=C(C)C(OCCCC3=CC(C(=O)N(C)C)=NO3)=CC=C12,97.1,ASAP-0021134,Train,97.1,1.9916690073799486,99.8188,81.564,2.0035415239245897,1.9167907251727458,openadmet_polaris,2025
36,CCOC1=NOC2=CC(OCCCC3=CC(C(=O)N(C)C)=NO3)=C(C)C=C12,46.4,ASAP-0021262,Train,46.4,1.675778341674085,47.6992,38.976,1.6875218269551018,1.6017993364345304,openadmet_polaris,2025
37,C#CCCC1=CC=C(OCCCC2=CC(C(=O)N(C)C)=NO2)C=C1,60.4,ASAP-0021070,Train,60.4,1.7881683711411678,62.0912,50.736,1.7999687878025925,1.7137928479390603,openadmet_polaris,2025
38,"NCC1=CC=CC([C@H]2C[C@@H]2C2=CC(Cl)=CC(NC(=O)OCC3=CC=CC=C3)=C2)=C1 |&1:7,9|",11.4,ASAP-0021039,Train,11.4,1.0934216851622351,11.7192,9.576,1.1044597963350657,1.024321442141565,openadmet_polaris,2025
39,NCC1=CC=CC(NC(=O)C2=CC(Cl)=CC(CN)=C2)=C1,21.0,ASAP-0020849,Train,21.0,1.3424226808222062,21.588,17.64,1.3538777790648415,1.2704459080179626,openadmet_polaris,2025
40,CN(C)C(=O)C1=NOC(CCCOC2=CC=CC(F)=C2)=C1,46.6,ASAP-0020936,Train,46.6,1.677606952720493,47.9048,39.144,1.6893514871646735,1.6036206439705354,openadmet_polaris,2025
41,O=C1NC(=O)[C@H](CC2=NC3=C(COCC3)S2)C2=CC=CC=C12 |&1:5|,20.3,ASAP-0020930,Train,20.3,1.3283796034387378,20.8684,17.052,1.3398170090737356,1.2565253248481083,openadmet_polaris,2025
42,CC1=CC(C2=NOC(C(F)(F)F)=N2)=CC=C1COCCC1=CC(C(=O)N(C)C)=NO1,36.5,ASAP-0020875,Train,36.5,1.5740312677277188,37.522,30.66,1.5857088269056523,1.500510910526337,openadmet_polaris,2025
43,C#CCCCCC1=CC=C(OCCCC2=CC(C(=O)N(C)C)=NO2)C=C1,79.9,ASAP-0020904,Train,79.9,1.9079485216122722,82.1372,67.116,1.919795393696459,1.8332491368106298,openadmet_polaris,2025
44,CN(C)C(=O)C1=NOC(CCCOC2=CC=C(F)C=C2)=C1,42.6,ASAP-0020843,Train,42.6,1.639486489268586,43.7928,35.784,1.6512082110613804,1.5656589539252037,openadmet_polaris,2025
45,CC1=CC(C2=NOC(C(F)(F)F)=N2)=CC=C1OCCCC1=NC(C2=CC=NC=C2)=NO1,19.6,ASAP-0020827,Train,19.6,1.3138672203691535,20.1488,16.464000000000002,1.325285730190336,1.2421437227010828,openadmet_polaris,2025
46,CN(C)C(=O)C1=NOC(CCCOC2=CC=C(C3=NOC(C4CC4)=N3)C=C2)=C1,29.8,ASAP-0020873,Train,29.8,1.4885507165004443,30.634400000000003,25.032,1.5001596017425276,1.4155075355927835,openadmet_polaris,2025
47,O=C(NC1=CC(Cl)=CC(C(=O)NC2=CC=C3CNCC3=C2)=C1)OCC1=CC=CC=C1,12.7,ASAP-0020915,Train,12.7,1.1367205671564067,13.0556,10.668,1.1478493893335247,1.0669964204496951,openadmet_polaris,2025
48,O=C(O)C1=CC(Cl)=CC=C1S(=O)(=O)NC1CCN(C2=NC(C3CC3)=CC(C(F)(F)F)=N2)CC1,26.3,ASAP-0017673,Train,26.3,1.436162647040756,27.0364,22.092,1.4477222475075948,1.3634615488265933,openadmet_polaris,2025
49,CN(C)C(=O)C1=NOC(CCCN2C=CC3=CC(C4=NOC(C(F)(F)F)=N4)=CC=C32)=C1,28.9,ASAP-0017622,Train,28.9,1.4756711883244296,29.7092,24.275999999999996,1.4872685028608164,1.4027083466919503,openadmet_polaris,2025
50,CN(C)C(=O)C1=NOC(CCCN2C=CC3=NC(C4=NOC(C(F)(F)F)=N4)=CC=C32)=C1,51.3,ASAP-0017652,Train,51.3,1.7185016888672742,52.736399999999996,43.092,1.730268568079571,1.6443597987415877,openadmet_polaris,2025
51,NCCC1=CC=C(NC(=O)C2=CC(Cl)=CC(NC(=O)OCC3=CC=CC=C3)=C2)C=C1,17.5,ASAP-0017692,Train,17.5,1.2671717284030137,17.990000000000002,14.7,1.2785249647370176,1.1958996524092338,openadmet_polaris,2025
52,CC1=CC(OCC2=CC=CC=C2)=CC=C1NS(=O)(=O)C1=CC=C(Cl)C=C1C(=O)O,22.3,ASAP-0017520,Train,22.3,1.3673559210260189,22.924400000000002,18.732,1.3788410549146444,1.2951711067901035,openadmet_polaris,2025
53,CCOC1=CC=CC(C2=CC=C(S(=O)(=O)NC3=CC=C(Cl)C=C3C(=O)O)C=C2)=C1,119.0,ASAP-0017501,Train,119.0,2.0791812460476247,122.33200000000001,99.96,2.0910757742464736,2.004149341900059,openadmet_polaris,2025
54,O=C(O)C1=CC(Cl)=CC=C1NS(=O)(=O)C1=CC=C(C2=CC=CC=C2Cl)C=C1,343.0,ASAP-0017573,Train,343.0,2.53655844257153,352.604,288.12,2.548517169146754,2.4610781352168565,openadmet_polaris,2025
55,O=C(O)C1=CC(Cl)=C(F)C=C1S(=O)(=O)NC1=CC=C(OC2=CC=CC=C2Cl)C=C1,67.4,ASAP-0017585,Train,67.4,1.8350561017201164,69.28720000000001,56.616,1.8468762428646388,1.7605431040272101,openadmet_polaris,2025
56,NCC1=CC=CC(NC(=O)C[C@H](NC(=O)OCC2=CC=CC=C2)C2=CC=C(OCC3=CC=CC=C3)C(Br)=C2)=C1 |&1:11|,12.4,ASAP-0017583,Train,12.4,1.1271047983648077,12.747200000000001,10.416,1.1382142510114053,1.0575139601065906,openadmet_polaris,2025
57,CCOC1=NOC2=CC(OCCC3CCN(C4=CC=C(C)N=N4)CC3)=CC=C12,41.7,ASAP-0017436,Train,41.7,1.6304278750250238,42.8676,35.028,1.6421438747681,1.5566401540717196,openadmet_polaris,2025
58,CC1=CC(C2=NOC(C(F)(F)F)=N2)=CC=C1OCCCC1=NC2=CC=CC=C2N1,11.0,ASAP-0017442,Train,11.0,1.0791812460476249,11.308,9.24,1.0901874875754207,1.0102999566398119,openadmet_polaris,2025
59,COC1=CC=C2NC(CCCOC3=CC=C(C4=NOC(C(F)(F)F)=N4)C=C3C)=NC2=N1,30.5,ASAP-0017444,Train,30.5,1.4983105537896004,31.354,25.619999999999997,1.5099279811573474,1.4252080511386562,openadmet_polaris,2025
60,CC1=CC(C2=NOC(C(F)(F)F)=N2)=CC=C1OCCCC1=NC(C2=CC=CN=C2)=NO1,16.6,ASAP-0017438,Train,16.6,1.24551266781415,17.0648,13.944,1.2568331577458791,1.174466858886018,openadmet_polaris,2025
61,CN(C)C(=O)C1=NOC(CCCOC2=CC=C3CCCCC3=C2F)=C1,166.0,ASAP-0017437,Train,166.0,2.2227164711475833,170.648,139.44,2.234638747499467,2.1474908207933137,openadmet_polaris,2025
62,CCOC(=O)C1=CC=C(OCCC2CCN(C3=CC=C(C)N=N3)CC2)C=C1,708.0,ASAP-0017441,Train,708.0,2.8506462351830666,727.8240000000001,594.72,2.8626226654138294,2.7750421808338315,openadmet_polaris,2025
63,CC1=NN=C(CCCOC2=CC=C(C3=NOC(C(F)(F)F)=N3)C=C2C)O1,16.6,ASAP-0017292,Train,16.6,1.24551266781415,17.0648,13.944,1.2568331577458791,1.174466858886018,openadmet_polaris,2025
64,CC1=CC(C2=NOC(C(F)(F)F)=N2)=CC=C1OCCCC1=CC=CC=N1,10.7,ASAP-0017304,Train,10.7,1.0681858617461617,10.9996,8.988,1.0791667693236147,0.9994785336793102,openadmet_polaris,2025
65,CN(C)C(=O)C1=NOC(CCCN2N=CC3=CC(C4=NOC(C(F)(F)F)=N4)=CC=C32)=C1,14.7,ASAP-0017297,Train,14.7,1.1958996524092338,15.1116,12.347999999999999,1.207138671186878,1.125416197982755,openadmet_polaris,2025
66,CC1=CC(C2=NOC(C(F)(F)F)=N2)=CC=C1OCCCC1=CC=CN=C1,14.9,ASAP-0017287,Train,14.9,1.2013971243204515,15.317200000000001,12.516,1.21264563671704,1.1308481831028587,openadmet_polaris,2025
67,CC1=CC(C2=NOC(C(F)(F)F)=N2)=CC=C1OCCCC1=CSN=N1,27.5,ASAP-0017295,Train,27.5,1.4548448600085102,28.27,23.099999999999998,1.466422722433792,1.3820170425748683,openadmet_polaris,2025
68,CC1=CC(C2=NOC(C(F)(F)F)=N2)=CC=C1OCCCC1=CN=CO1,10.5,ASAP-0017294,Train,10.5,1.0606978403536116,10.794,8.82,1.0716611234417879,0.9921114877869497,openadmet_polaris,2025
69,CC1=CC=NC=C1CCCOC1=CC=C(C2=NOC(C(F)(F)F)=N2)C=C1C,13.1,ASAP-0017306,Train,13.1,1.14921911265538,13.4668,11.004,1.1603724774885216,1.079325986752815,openadmet_polaris,2025
70,CC1=CC(C2=NOC(C(F)(F)F)=N2)=CC=C1OCCCC1=CC=NC=C1,10.9,ASAP-0017290,Train,10.9,1.0755469613925308,11.205200000000001,9.156,1.0865449003599033,1.0067226922016845,openadmet_polaris,2025
71,CC1=CC(C2=NOC(C(F)(F)F)=N2)=CC=C1OCCCC1=CC(C(=O)N(C)C)=NO1,11.0,ASAP-0017288,Train,11.0,1.0791812460476249,11.308,9.24,1.0901874875754207,1.0102999566398119,openadmet_polaris,2025
72,CC1=NC(C2=CC=C(OCCCCCN3CCN(C4=CC=NC(N)=C4)C3=O)C=C2)=NO1,32.8,ASAP-0017296,Train,32.8,1.5289167002776547,33.718399999999995,27.551999999999996,1.5405597024727034,1.455636534947604,openadmet_polaris,2025
73,CC1=CC(C2=NOC(C(F)(F)F)=N2)=CC=C1OCCCC1=CN(C)N=C1,18.1,ASAP-0017289,Train,18.1,1.2810333672477277,18.606800000000003,15.204,1.2924067188210258,1.2096222345115506,openadmet_polaris,2025
74,CC1=CC(C2=NOC(C(F)(F)F)=N2)=CC=C1OCCCC1=CC(C(=O)N2CCOCC2)=NO1,18.5,ASAP-0017308,Train,18.5,1.290034611362518,19.018,15.54,1.3014206849138914,1.2185355052165279,openadmet_polaris,2025
75,CCON=CC1=CC=C(OCCC2CCN(C3=CC=C(C)N=N3)CC2)C=C1,17.7,ASAP-0017298,Train,17.7,1.271841606536499,18.1956,14.867999999999999,1.2832016914790374,1.200522191802113,openadmet_polaris,2025
76,CC1=CC(C2=NOC(C(F)(F)F)=N2)=CC=C1CCOCC1=CC(C(=O)N(C)C)=NO1,48.4,ASAP-0017309,Train,48.4,1.6937269489236468,49.7552,40.656,1.7054805434446798,1.619677564667636,openadmet_polaris,2025
77,O=C1NC(=O)[C@@H](CC2=CC=C3OCOC3=C2)C2=CC=CC=C12 |a:5|,32.4,ASAP-0017037,Train,32.4,1.5237464668115646,33.3072,27.215999999999998,1.5353852743321508,1.450495446659433,openadmet_polaris,2025
78,CC(C)CNC(=O)C1=CC(Cl)=C(F)C=C1NS(=O)(=O)C1=CC=C(OC2=CC=CC=C2Cl)C=C1,198.0,ASAP-0016818,Train,198.0,2.298853076409707,203.544,166.32,2.3107867446258408,2.223547855908593,openadmet_polaris,2025
79,O=C(NCC(F)(F)F)C1=CC(Cl)=C(F)C=C1NS(=O)(=O)C1=CC=C(OC2=CC=CC=C2Cl)C=C1,70.0,ASAP-0016843,Train,70.0,1.8512583487190752,71.96000000000001,58.8,1.8630848253203598,1.7767011839884108,openadmet_polaris,2025
80,NCC1=CC=CC(NC(=O)C2=CC(OCC3=CC=CC=C3)=CC=C2CNC(=O)OCC2=CC=CC=C2)=C1,21.0,ASAP-0016784,Train,21.0,1.3424226808222062,21.588,17.64,1.3538777790648415,1.2704459080179626,openadmet_polaris,2025
81,NCC1=CC=CC(NC(=O)CN(C(=O)OCC2=CC=CC=C2)C2=CC=C(OCC3=CC=CC=C3)C=C2)=C1,11.0,ASAP-0016778,Train,11.0,1.0791812460476249,11.308,9.24,1.0901874875754207,1.0102999566398119,openadmet_polaris,2025
82,CC1=CC(C2=CC=C([C@H](NC(=O)OCC3=CC=CC=C3)C(=O)NC3=CC=CC(CN)=C3)C=C2)=CS1 |&1:8|,29.5,ASAP-0016768,Train,29.5,1.4842998393467859,30.326,24.779999999999998,1.4959049435943592,1.4112829130173843,openadmet_polaris,2025
83,O=C1NC(=O)[C@H](CC2=CC=CC(Cl)=C2)C2=CC=CC=C12 |&1:5|,170.0,ASAP-0016664,Train,170.0,2.2329961103921536,174.76,142.79999999999998,2.2449200439124537,2.1577588860468637,openadmet_polaris,2025
84,NCC1=CC=CC(NC(=O)C[C@H](NC(=O)OCC2=CC=CC=C2)C2=CC=C(OCC3=CC=CC=C3)C=C2)=C1 |&1:11|,17.0,ASAP-0016554,Train,17.0,1.255272505103306,17.476,14.28,1.2666079535745092,1.1841233542396712,openadmet_polaris,2025
85,CC1=CC(NC(=O)NC2=CNC(=O)C3=CC=C(F)C=C23)=NO1,12.5,ASAP-0016445,Train,12.5,1.130333768495006,12.85,10.5,1.1414497734004674,1.0606978403536116,openadmet_polaris,2025
86,O=C1C2=CC=CC=C2[C@H](CC2=CC=C(O)C=C2)C(=O)N1CC1=CC=C2OCOC2=C1 |&1:8|,421.0,ASAP-0016345,Train,421.0,2.625312450961674,432.788,353.64,2.6372775338333927,2.5497877182912783,openadmet_polaris,2025
87,NCC1=CC=CC(CNC(=O)[C@H](NC(=O)OCC2=CC=CC=C2)C2=CC=C(OCC3=CC=CC=C3)C=C2)=C1 |&1:11|,3.89,ASAP-0016386,Train,3.89,0.6893088591236203,3.99892,3.2676,0.6988761865952469,0.6301837064568026,openadmet_polaris,2025
88,NCC1=CC=CC(NC(=O)[C@H](NC(=O)OCC2=CC=CC=C2)C(C2CCC2)C2CCC2)=C1 |&1:10|,12.6,ASAP-0016242,Train,12.6,1.1335389083702174,12.9528,10.584,1.144661369081111,1.0638585488530716,openadmet_polaris,2025
89,C1=CC=C2SC(C3CCN(CC4=CNC5=CC=CC=C45)CC3)=NC2=C1,38.1,ASAP-0016236,Train,38.1,1.5921767573958667,39.1668,32.004,1.6038672338302657,1.518566578443118,openadmet_polaris,2025
90,O=C(NCC1=CC=CC=N1)NC1=CNC(=O)C2=CC(Cl)=CC=C12,11.4,ASAP-0016130,Train,11.4,1.0934216851622351,11.7192,9.576,1.1044597963350657,1.024321442141565,openadmet_polaris,2025
91,NCC1=CC=CC(NC(=O)[C@H](NC(=O)OCC2=CC=CC=C2)C2CCCCC2)=C1 |&1:10|,5.29,ASAP-0016121,Train,5.29,0.798650645445269,5.4381200000000005,4.4436,0.8087590672318776,0.7358862054043565,openadmet_polaris,2025
92,CC1=NOC(CCCOC2=C(C)C=C(C3=NOC(C(F)(F)F)=N3)C=C2C)=C1,11.6,ASAP-0016304,Train,11.6,1.100370545117563,11.9248,9.744,1.1114238314898943,1.031165999660659,openadmet_polaris,2025
93,COC1=CC=CC=C1NC(=O)NC1=CNC(=O)C2=CC=CC=C12,16.5,ASAP-0015912,Train,16.5,1.2430380486862944,16.962,13.86,1.2543546920531665,1.1720188094245565,openadmet_polaris,2025
94,CNC(=O)C1=CC(Cl)=C(F)C=C1NS(=O)(=O)C1=CC=C(OC2=CC=CC=C2Cl)C=C1,71.3,ASAP-0015925,Train,71.3,1.8591382972945307,73.2964,59.891999999999996,1.8709677707186825,1.7845602387071622,openadmet_polaris,2025
95,"C[C@H](C(=O)O)[C@@H](NC(=O)C1=NC=NC2=C1C=CN2)C1=CC=C(Br)C=C1 |o1:1,5|",3.0,ASAP-0014722,Train,3.0,0.6020599913279624,3.084,2.52,0.6110857334148726,0.5465426634781311,openadmet_polaris,2025
96,"CCCC[C@H](NC(=O)OC(C)(C)C)C(=O)N[C@H](C(=O)NCC1=CC=C(CN)C=C1)C1=CC=C(OCC2=CC=CC=C2)C=C1 |&1:4,&2:16|",56.0,ASAP-0015892,Train,56.0,1.7558748556724915,57.568,47.04,1.7676603938453739,1.6816029987308685,openadmet_polaris,2025
97,O=C(O)C1=CC(Cl)=CC=C1NS(=O)(=O)C1=CC=C(OC2=CC=CC=C2Cl)C=C1,155.0,ASAP-0015682,Train,155.0,2.1931245983544616,159.34,130.2,2.2050418792613695,2.1179338350396413,openadmet_polaris,2025
98,COC1=CC=C([C@H](CC2=NN=NN2)NC(=O)C2=NC=NC3=C2C=CN3)C=C1 |o1:6|,2.0,ASAP-0015381,Train,2.0,0.47712125471966244,2.056,1.68,0.48515334990365233,0.4281347940287888,openadmet_polaris,2025
99,C1=CC=C2C(CN3CCC(C4=CNC5=CC=CN=C45)CC3)=CNC2=C1,16.0,ASAP-0015396,Train,16.0,1.2304489213782739,16.448,13.44,1.2417456525706438,1.1595671932336202,openadmet_polaris,2025
100,COC1=CC(CC2=C(C)ON=C2C2=CC=C(F)C=C2)=NC(N2CCNCC2)=N1,15.0,ASAP-0015355,Train,15.0,1.2041199826559248,15.42,12.6,1.215373152783422,1.1335389083702174,openadmet_polaris,2025
101,NCC1=CC=CC(NC(=O)[C@@H](NC(=O)OCC2=CC=CC=C2)C2=CC=C(OCC3=CC=CC=C3)C=C2)=C1 |a:10|,11.0,ASAP-0015367,Train,11.0,1.0791812460476249,11.308,9.24,1.0901874875754207,1.0102999566398119,openadmet_polaris,2025
102,NC1=NN=C2C=CC(C3=CC=C4NC(=O)CNC4=C3)=CN12,15.6,ASAP-0015169,Train,15.6,1.2201080880400552,16.0368,13.104,1.2313880251225435,1.1493422992912656,openadmet_polaris,2025
103,CNC(=O)C1=CC(Cl)=CC=C1NS(=O)(=O)C1=CC=C(OC2=CC=CC=C2Cl)C=C1,106.0,ASAP-0014994,Train,106.0,2.0293837776852097,108.968,89.03999999999999,2.0412663265649846,1.9544354863284823,openadmet_polaris,2025
104,CN1C=C(NC(=O)NCC2=CC=CC=N2)C2=CN=CC=C2C1=O,4.11,ASAP-0014913,Train,4.11,0.7084209001347127,4.22508,3.4524000000000004,0.7180929442170774,0.6485941740789319,openadmet_polaris,2025
105,O=C(/C=C/C1=CC=CC=C1)C(=O)N1CCN(CCC2=CC=CC=C2)CC1,167.0,ASAP-0012944,Train,167.0,2.225309281725863,171.67600000000002,140.28,2.237231979768524,2.1500806862334936,openadmet_polaris,2025
106,CC1=NC=CN1C[C@H](C)CNC(=O)C1=CC=C2COB(O)C2=C1 |&1:7|,1.0,ASAP-0014807,Train,1.0,0.3010299956639812,1.028,0.84,0.3070679506612984,0.26481782300953643,openadmet_polaris,2025
107,"C[C@H]1CN(C[C@H](O)CNC(=O)C2=CC=C3COB(O)C3=C2)CCO1 |&1:1,&2:5|",8.0,ASAP-0014822,Train,8.0,0.9542425094393249,8.224,6.72,0.9649192942866426,0.8876173003357362,openadmet_polaris,2025
108,CN1CCN(C)[C@H](CNC(=O)C2=CC=C3COB(O)C3=C2)C1 |&1:6|,14.0,ASAP-0014818,Train,14.0,1.1760912590556813,14.392,11.76,1.1872950546937378,1.1058506743851435,openadmet_polaris,2025
109,O=C(C1=CC=C2COB(O)C2=C1)N1CCN[C@H](C2=CC=CC=C2)C1 |&1:16|,4.0,ASAP-0014817,Train,4.0,0.6989700043360189,4.112,3.36,0.7085908451503438,0.639486489268586,openadmet_polaris,2025
110,O=C(C[C@H]1CCN2C=NC=C2C1)NC1=CC=CC(B(O)O)=C1 |&1:3|,8.0,ASAP-0014813,Train,8.0,0.9542425094393249,8.224,6.72,0.9649192942866426,0.8876173003357362,openadmet_polaris,2025
111,CC1=CC(NC(=O)NC2=CNC(=O)C3=CC=CC=C23)=NO1,9.69,ASAP-0014761,Train,9.69,1.028977705208778,9.961319999999999,8.1396,1.0398628565386083,0.9609271889948667,openadmet_polaris,2025
112,"CN1CC[C@H](NC(=O)C2=CC=CC(B(O)O)=C2)[C@H]1C1=CC=C(Cl)C=C1 |&1:4,17|",21.0,ASAP-0014724,Train,21.0,1.3424226808222062,21.588,17.64,1.3538777790648415,1.2704459080179626,openadmet_polaris,2025
113,CN(C(=O)C1=CC=C2COB(O)C2=C1)[C@H]1CCN(C2CC2)C1 |&1:14|,16.0,ASAP-0014734,Train,16.0,1.2304489213782739,16.448,13.44,1.2417456525706438,1.1595671932336202,openadmet_polaris,2025
114,"O=C(NC1=CC=CC(B(O)O)=C1)[C@H]1CCN2CCC[C@H]2C1 |&1:12,&2:19|",9.0,ASAP-0014739,Train,9.0,1.0,9.252,7.56,1.0108085975122065,0.9324737646771531,openadmet_polaris,2025
115,O=C(NC1=CC=CC(B(O)O)=C1)[C@H]1CCN(CC2=CC=CC=C2)C1 |&1:12|,7.0,ASAP-0014731,Train,7.0,0.9030899869919435,7.196,5.88,0.9136019497291574,0.8375884382355113,openadmet_polaris,2025
116,CN(C)C[C@H]1C[C@H](NC(=O)C2=CC=C3COB(O)C3=C2)C1,5.0,ASAP-0014809,Train,5.0,0.7781512503836436,5.140000000000001,4.2,0.7881683711411677,0.7160033436347992,openadmet_polaris,2025
117,"C[C@H]1CN(C2=CN=CC3=CC=CC=C23)C(=O)[C@@]12CN(CC1=CC=NN=C1)C(=O)C1=CC=C(F)C=C12 |a:1,16|",19.0,ASAP-0014613,Train,19.0,1.3010299956639813,19.532,15.959999999999999,1.3124312555887252,1.229425847920695,openadmet_polaris,2025
118,"CNC(=O)CN1C[C@@]2(C(=O)N(C3=CN=CC4=CC=CC=C34)C[C@@H]2CNC2=CC=C(Cl)N=N2)C2=CC(Cl)=CC=C2C1=O |a:7,22|",70.0,ASAP-0014544,Train,70.0,1.8512583487190752,71.96000000000001,58.8,1.8630848253203598,1.7767011839884108,openadmet_polaris,2025
119,"CNC(=O)CN1C[C@@]2(C(=O)N(C3=CN=CC4=CC=CC=C34)C[C@@H]2CNC2=CN=CS2)C2=CC(Cl)=CC=C2C1=O |a:7,22|",39.0,ASAP-0013892,Train,39.0,1.6020599913279623,40.092,32.76,1.613757279442105,1.5284024379536174,openadmet_polaris,2025
120,"C[C@H]1CN(C2=CN=CC3=CC=CC=C23)C(=O)[C@@]12CN(CCN1CCN(S(C)(=O)=O)CC1)C(=O)C1=CC=C(Cl)C=C12 |a:1,16|",237.0,ASAP-0013898,Train,237.0,2.376576957056512,243.636,199.07999999999998,2.3885203670539803,2.301203678722446,openadmet_polaris,2025
121,"O=C1C2=CC=C(Cl)C=C2[C@@]2(CN1CCN1CCOCC1)C(=O)N(C1=CN=CC3=CC=CC=C13)C[C@@H]2CNC1=NC=CC=N1 |a:9,34|",108.0,ASAP-0013925,Train,108.0,2.037426497940624,111.024,90.72,2.049311075803824,1.9624640460579013,openadmet_polaris,2025
122,CCNC(=O)C1=CC2=C(N[C@H](C3=CC=C4OCCOC4=C3)C(C)C)N=CN=C2N1 |o1:10|,1330.0,ASAP-0013827,Train,1330.0,3.124178055474675,1367.24,1117.2,3.136162282715738,3.048519487922654,openadmet_polaris,2025
123,"CNC(=O)CN1C[C@@]2(C(=O)N(C3=CN=CC4=CC=CC=C34)C[C@@H]2CNC2=C(C)N=CS2)C2=CC(Cl)=CC=C2C1=O |a:7,22|",17.0,ASAP-0013814,Train,17.0,1.255272505103306,17.476,14.28,1.2666079535745092,1.1841233542396712,openadmet_polaris,2025
124,CCNC(=O)C1=CC2=C(N[C@H](C3=CC=C4OCCOC4=C3)C(C)C)N=CN=C2N1 |o1:10|,67.0,ASAP-0013824,Train,67.0,1.8325089127062364,68.876,56.28,1.8443280361556502,1.7580030092997991,openadmet_polaris,2025
125,CC(C)[C@H](NC1=NC=NC2=C1C=C(C1=CN(CC(=O)N(C)C)N=C1)N2)C1=CC=C2OCCOC2=C1 |o1:3|,500.0,ASAP-0013833,Train,500.0,2.699837725867246,514.0,420.0,2.711807229041191,2.6242820958356683,openadmet_polaris,2025
126,CC(C)[C@H](NC1=NC=NC2=C1C=C(C1=CN(CC(=O)N(C)C)N=C1)N2)C1=CC=C2OCCOC2=C1 |o1:3|,108.0,ASAP-0013837,Train,108.0,2.037426497940624,111.024,90.72,2.049311075803824,1.9624640460579013,openadmet_polaris,2025
127,CC(C)[C@H](NC1=NC=NC2=C1C=C(C1=CN(CC(=O)N(C)C)N=C1)N2)C1=CC=C2CCCS(=O)(=O)C2=C1 |o1:3|,297.0,ASAP-0013747,Train,297.0,2.4742162640762553,305.31600000000003,249.48,2.486169682181137,2.398773054608859,openadmet_polaris,2025
128,CC(C)[C@H](NC1=NC=NC2=C1C=C(C1=CN(CC(=O)N(C)C)N=C1)N2)C1=CC=C2CCCS(=O)(=O)C2=C1 |o1:3|,92.0,ASAP-0013744,Train,92.0,1.968482948553935,94.57600000000001,77.28,1.9803488506848916,1.8936508169859636,openadmet_polaris,2025
129,"CNC(=O)CN1C[C@@]2(C(=O)N(C3=CN=CC4=CC=CC=C34)C[C@@H]2CS(=O)(=O)NC)C2=CC(Cl)=CC=C2C1=O |a:7,22|",83.0,ASAP-0013717,Train,83.0,1.9242792860618816,85.324,69.72,1.9361315560687276,1.8495422520050167,openadmet_polaris,2025
130,COC1=CC=C(C(=O)NC2=CC=CC(/C=C3/C(=O)NC(=O)C4=CC=CC=C34)=C2)C=C1,180.0,ASAP-0013646,Train,180.0,2.2576785748691846,185.04,151.2,2.269606330839479,2.182414652434554,openadmet_polaris,2025
131,"CC1=NOC(CN2C[C@@]3(C(=O)N(C4=CN=CC5=CC=CC=C45)C[C@@H]3C)C3=CC(F)=CC=C3C2=O)=C1 |a:8,23|",80.0,ASAP-0013722,Train,80.0,1.9084850188786497,82.24000000000001,67.2,1.9203320715395893,1.833784374656479,openadmet_polaris,2025
132,"C[C@H]1CN(C2=CN=CC3=CC=CC=C23)C(=O)[C@@]12CN(CC1=NN=NN1C)C(=O)C1=CC=C(F)C=C12 |a:1,16|",58.0,ASAP-0013721,Train,58.0,1.7708520116421442,59.624,48.72,1.782644587930918,1.6965311199696071,openadmet_polaris,2025
133,"C[C@H]1CN(C2=CN=CC3=CC=CC=C23)C(=O)[C@@]12CN(CC1=NC=CN1C)C(=O)C1=CC=C(F)C=C12 |a:1,16|",195.0,ASAP-0013720,Train,195.0,2.292256071356476,200.46,163.79999999999998,2.3041888296148434,2.216957207361097,openadmet_polaris,2025
134,"C[C@H]1CN(C2=CN=CC3=CC=CC=C23)C(=O)[C@@]12CN(CC#N)C(=O)C1=CC=C(F)C=C12 |a:1,16|",85.0,ASAP-0013719,Train,85.0,1.9344984512435677,87.38,71.39999999999999,1.9463539972262744,1.8597385661971468,openadmet_polaris,2025
135,"CNC(=O)CN1C[C@@]2(C(=O)N(C3=CN=CC4=CC=CC=C34)C[C@@H]2CN2N=CN=N2)C2=CC(Cl)=CC=C2C1=O |a:7,22|",44.0,ASAP-0013718,Train,44.0,1.6532125137753437,45.232,36.96,1.6649426814583266,1.5793262037552551,openadmet_polaris,2025
136,"CNC(=O)CN1C[C@@]2(C(=O)N(C3=CN=CC4=CC=CC=C34)C[C@@H]2CNC2=CN=C(C)S2)C2=CC(Cl)=CC=C2C1=O |a:7,22|",26.0,ASAP-0013716,Train,26.0,1.4313637641589874,26.728,21.84,1.4429185453698419,1.3586960995738104,openadmet_polaris,2025
137,CCN1N=CC=C1CN1C[C@@]2(C(=O)N(C3=CN=CC4=CC=CC=C34)C[C@@H]2C)C2=CC(F)=CC=C2C1=O,256.0,ASAP-0013398,Train,256.0,2.4099331233312946,263.168,215.04,2.421880208187216,2.334534168609156,openadmet_polaris,2025
138,C[C@H]1CN(C2=CN=CC3=CC=CC=C23)C(=O)[C@@]12CN(CC1=CC=NN1C)C(=O)C1=CC=C(F)C=C12,131.0,ASAP-0013413,Train,131.0,2.12057393120585,134.668,110.03999999999999,2.13247742273502,2.04547945311078,openadmet_polaris,2025
139,C[C@H]1CN(C2=CN=CC3=CC=CC=C23)C(=O)[C@@]12CN(CC1=CNN=N1)C(=O)C1=CC=C(F)C=C12,11.0,ASAP-0013412,Train,11.0,1.0791812460476249,11.308,9.24,1.0901874875754207,1.0102999566398119,openadmet_polaris,2025
140,CNC(=O)CN1C[C@@]2(C(=O)N(C3=CN=CC4=CC=CC=C34)C[C@@H]2CN2C=CC=N2)C2=CC(Cl)=CC=C2C1=O,51.0,ASAP-0013405,Train,51.0,1.7160033436347992,52.428000000000004,42.839999999999996,1.7277689173006154,1.6418705454763127,openadmet_polaris,2025
141,CNCCN1C[C@@]2(C(=O)N(C3=CN=CC4=CC=CC=C34)C[C@@H]2C)C2=CC(F)=CC=C2C1=O,3.0,ASAP-0013407,Train,3.0,0.6020599913279624,3.084,2.52,0.6110857334148726,0.5465426634781311,openadmet_polaris,2025
142,C[C@H]1CN(C2=CN=CC3=CC=CC=C23)C(=O)[C@@]12CN(CC1=COC=N1)C(=O)C1=CC=C(F)C=C12,85.0,ASAP-0013414,Train,85.0,1.9344984512435677,87.38,71.39999999999999,1.9463539972262744,1.8597385661971468,openadmet_polaris,2025
143,CC1=CN=C(CN2C[C@@]3(C(=O)N(C4=CN=CC5=CC=CC=C45)C[C@@H]3C)C3=CC(F)=CC=C3C2=O)C=N1,137.0,ASAP-0013423,Train,137.0,2.1398790864012365,140.836,115.08,2.151786474972846,2.0647573994296793,openadmet_polaris,2025
144,CNC(=O)CN1C[C@@]2(C(=O)N(C3=CN=CC4=CC=CC=C34)C[C@@H]2CS(=O)(=O)NC)C2=CC(F)=CC=C2C1=O,33.0,ASAP-0013303,Train,33.0,1.5314789170422551,33.924,27.72,1.5431239795478644,1.4581844355702627,openadmet_polaris,2025
145,CNC(=O)CN1C[C@@]2(C(=O)N(C3=CN=CC4=CC=CC=C34)C[C@@H]2CS(=O)(=O)N(C)C)C2=CC(Cl)=CC=C2C1=O,194.0,ASAP-0013302,Train,194.0,2.290034611362518,199.43200000000002,162.96,2.3019670600792614,2.214737909644464,openadmet_polaris,2025
146,CN1N=NC(CN2C[C@]3(CCN(C4=CN=CC5=CC=CC=C45)C3=O)C3=CC(Cl)=CC=C3C2=O)=N1 |o1:8|,29.0,ASAP-0013311,Train,29.0,1.4771212547196624,29.812,24.36,1.4887198891891653,1.404149249209695,openadmet_polaris,2025
147,CN1C=NC(CN2C[C@]3(CCN(C4=CN=CC5=CC=CC=C45)C3=O)C3=CC(Cl)=CC=C3C2=O)=N1 |o1:8|,26.0,ASAP-0013308,Train,26.0,1.4313637641589874,26.728,21.84,1.4429185453698419,1.3586960995738104,openadmet_polaris,2025
148,CN1C=CC(CN2C[C@]3(CCN(C4=CN=CC5=CC=CC=C45)C3=O)C3=CC(Cl)=CC=C3C2=O)=N1 |o1:8|,82.0,ASAP-0013306,Train,82.0,1.919078092376074,84.296,68.88,1.9309286651808888,1.8443528963108933,openadmet_polaris,2025
149,CN1N=NN=C1CN1C[C@]2(CCN(C3=CN=CC4=CC=CC=C34)C2=O)C2=CC(Cl)=CC=C2C1=O |o1:9|,126.0,ASAP-0013313,Train,126.0,2.103803720955957,129.528,105.83999999999999,2.1157036836370007,2.028733879349335,openadmet_polaris,2025
150,CN1N=NC(CN2C[C@]3(CCN(C4=CN=CC5=CC=CC=C45)C3=O)C3=CC(Cl)=CC=C3C2=O)=N1 |o1:8|,77.0,ASAP-0013310,Train,77.0,1.8920946026904804,79.156,64.67999999999999,1.9039360366011169,1.8174331441113842,openadmet_polaris,2025
151,CN1C=NC(CN2C[C@]3(CCN(C4=CN=CC5=CC=CC=C45)C3=O)C3=CC(Cl)=CC=C3C2=O)=N1 |o1:8|,53.0,ASAP-0013309,Train,53.0,1.7323937598229686,54.484,44.519999999999996,1.7441677630592691,1.6582022533870147,openadmet_polaris,2025
152,CN1C=CC(CN2C[C@]3(CCN(C4=CN=CC5=CC=CC=C45)C3=O)C3=CC(Cl)=CC=C3C2=O)=N1 |o1:8|,241.0,ASAP-0013307,Train,241.0,2.383815365980431,247.74800000000002,202.44,2.3957595975887958,2.3084363471676523,openadmet_polaris,2025
153,C[C@H]1CN(C2=CN=CC3=CC=CC=C23)C(=O)[C@@]12CN(CC1=NNC=N1)C(=O)C1=CC=C(F)C=C12,2.0,ASAP-0013305,Train,2.0,0.47712125471966244,2.056,1.68,0.48515334990365233,0.4281347940287888,openadmet_polaris,2025
154,C[C@H]1CN(C2=CN=CC3=CC=CC=C23)C(=O)[C@@]12CN(CC1=CC(O)=NC=N1)C(=O)C1=CC=C(F)C=C12,2.0,ASAP-0013304,Train,2.0,0.47712125471966244,2.056,1.68,0.48515334990365233,0.4281347940287888,openadmet_polaris,2025
155,CNC(=O)CN1C[C@@]2(C(=O)N(C3=CN=CC4=CC=CC=C34)C[C@@H]2CNC2=CC=NC=N2)C2=CC(Cl)=CC=C2C1=O,44.0,ASAP-0013300,Train,44.0,1.6532125137753437,45.232,36.96,1.6649426814583266,1.5793262037552551,openadmet_polaris,2025
156,CNC(=O)CN1C[C@@]2(C(=O)N(C3=CN=CC4=CC=CC=C34)C[C@@H]2CNC2=CN=CC=N2)C2=CC(Cl)=CC=C2C1=O,66.0,ASAP-0013301,Train,66.0,1.8260748027008264,67.848,55.44,1.8378913287384804,1.7515870050823101,openadmet_polaris,2025
157,CN1N=NN=C1CN1C[C@]2(CCN(C3=CN=CC4=CC=CC=C34)C2=O)C2=CC(Cl)=CC=C2C1=O |o1:9|,57.0,ASAP-0013312,Train,57.0,1.7634279935629373,58.596000000000004,47.879999999999995,1.7752171114814315,1.6891311972344978,openadmet_polaris,2025
158,CC(C)[C@H](NC1=NC=NC2=C1C=C(C1=C(C#N)N(C)N=C1)N2)C1=CC=C2OCC(=O)NC2=C1 |o1:3|,52.0,ASAP-0013256,Train,52.0,1.724275869600789,53.456,43.68,1.7360457375965421,1.6501131644435714,openadmet_polaris,2025
159,C[C@H]1CN(C2=CN=CC3=CC=CC=C23)C(=O)[C@@]12CN(CC1=NC=CN1)C(=O)C1=CC=C(F)C=C12,90.0,ASAP-0013274,Train,90.0,1.9590413923210936,92.52,75.6,1.9709044981537838,1.8842287696326039,openadmet_polaris,2025
160,C[C@H]1CN(C2=CN=CC3=CC=CC=C23)C(=O)[C@@]12CN(CC1=CC=NN1)C(=O)C1=CC=C(F)C=C12,44.0,ASAP-0013273,Train,44.0,1.6532125137753437,45.232,36.96,1.6649426814583266,1.5793262037552551,openadmet_polaris,2025
161,C=CC(=O)N1CCCC2=C1C=CC=C2N(CC1=CC=CC(Cl)=C1)C(=O)CC1=CN=CC2=CC=CC=C12,1620.0,ASAP-0013249,Train,1620.0,3.209783014848515,1665.3600000000001,1360.8,3.2217688320790474,3.1341133298423243,openadmet_polaris,2025
162,CNC(=O)CN1C[C@@]2(C(=O)N(C3=CN=CC4=CC=CC=C34)C[C@@H]2CNC2=CC=CC=C2)C2=CC(Cl)=CC=C2C1=O,378.0,ASAP-0013265,Train,378.0,2.578639209968072,388.584,317.52,2.590601112337999,2.5031367070542174,openadmet_polaris,2025
163,CNC(=O)CN1C[C@@]2(C(=O)N(C3=CN=CC4=CC=CC=C34)C[C@@H]2CNC2=CN(C)N=C2)C2=CC(Cl)=CC=C2C1=O,66.0,ASAP-0013266,Train,66.0,1.8260748027008264,67.848,55.44,1.8378913287384804,1.7515870050823101,openadmet_polaris,2025
164,CNC(=O)CN1C[C@@]2(C(=O)N(C3=CN=CC4=CC=CC=C34)C[C@@H]2CC2=NNN=N2)C2=CC(Cl)=CC=C2C1=O,10.0,ASAP-0013268,Train,10.0,1.0413926851582251,10.280000000000001,8.4,1.0523090996473234,0.9731278535996987,openadmet_polaris,2025
165,C[C@H]1CN(C2=CN=CC3=CC=CC=C23)C(=O)[C@@]12CN(CC1=CNC=N1)C(=O)C1=CC=C(F)C=C12,19.0,ASAP-0013272,Train,19.0,1.3010299956639813,19.532,15.959999999999999,1.3124312555887252,1.229425847920695,openadmet_polaris,2025
166,CC(C)[C@H](NC1=NC=NC2=C1C=C(C1=C(C#N)N(C)N=C1)N2)C1=CC=C2OCC(=O)NC2=C1 |o1:3|,115.0,ASAP-0013255,Train,115.0,2.0644579892269186,118.22,96.6,2.076349117493459,1.9894498176666917,openadmet_polaris,2025
167,CC(C)[C@H](NC1=NC=NC2=C1C=C(C1=CN(C)N=C1)N2)C1=CC=C2CCCS(=O)(=O)C2=C1 |o1:3|,405.0,ASAP-0012329,Train,405.0,2.6085260335771943,416.34000000000003,340.2,2.620490011710869,2.5330090224954853,openadmet_polaris,2025
168,CC(C)[C@H](NC1=NC=NC2=C1C=C(C1=CN(C)N=C1)N2)C1=CC=C2CCCS(=O)(=O)C2=C1 |o1:3|,169.0,ASAP-0012327,Train,169.0,2.230448921378274,173.732,141.96,2.242372447918093,2.155214539497588,openadmet_polaris,2025
169,CC(C)(C)[C@H](NC1=NC=NC2=C1C=C(C1=CN(CC(N)=O)N=C1)N2)C1=CC=C2OCCOC2=C1 |o1:4|,153.0,ASAP-0012330,Train,153.0,2.187520720836463,157.284,128.51999999999998,2.199437016802338,2.1123368357453174,openadmet_polaris,2025
170,CCNC(=O)C1=CC2=C(N[C@H](C3=CC=C4CCCS(=O)(=O)C4=C3)C(C)C)N=CN=C2N1 |o1:10|,109.0,ASAP-0012325,Train,109.0,2.041392685158225,112.052,91.56,2.053278249841756,1.966423345943693,openadmet_polaris,2025
171,CCNC(=O)C1=CC2=C(N[C@H](C3=CC=C4OCCS(=O)(=O)C4=C3)C(C)C)N=CN=C2N1 |&1:10|,64.0,ASAP-0012317,Train,64.0,1.8129133566428555,65.792,53.76,1.824724448045649,1.7384634394619525,openadmet_polaris,2025
172,CC(C)[C@H](NC1=NC=NC2=C1C=C(C1=CN=CC(S(C)(=O)=O)=C1)N2)C1=CC=C2CCCS(=O)(=O)C2=C1 |&1:3|,635.0,ASAP-0012320,Train,635.0,2.803457115648414,652.78,533.4,2.8154316308015646,2.727866449467489,openadmet_polaris,2025
173,CC(C)[C@H](NC1=NC=NC2=C1C=CN2)C1=CC=C2OCCS(=O)(=O)C2=C1 |&1:3|,18.0,ASAP-0012318,Train,18.0,1.2787536009528289,18.504,15.12,1.2901236882743068,1.2073650374690719,openadmet_polaris,2025
174,CC(C)[C@H](NC1=NC=NC2=C1C=C(C(=O)N[C@H]1CCN(C)C1)N2)C1=CC=C2CCCS(=O)(=O)C2=C1 |o1:3|,11.0,ASAP-0012334,Train,11.0,1.0791812460476249,11.308,9.24,1.0901874875754207,1.0102999566398119,openadmet_polaris,2025
175,CC(C)(C)[C@H](NC1=NC=NC2=C1C=C(C1=CN(CC(N)=O)N=C1)N2)C1=CC=C2OCCOC2=C1 |o1:4|,100.0,ASAP-0012332,Train,100.0,2.0043213737826426,102.8,84.0,2.016197353512439,1.9294189257142926,openadmet_polaris,2025
176,CNCCN1C[C@@]2(C(=O)N(C3=CN=CC4=CC=CC=C34)C[C@@H]2C)C2=CC(Cl)=CC=C2C1=O,4.0,ASAP-0012337,Train,4.0,0.6989700043360189,4.112,3.36,0.7085908451503438,0.639486489268586,openadmet_polaris,2025
177,CC(C)[C@H](NC1=NC=NC2=C1C=C(C(=O)N[C@H]1CCN(C)C1)N2)C1=CC=C2CCCS(=O)(=O)C2=C1 |o1:3|,26.0,ASAP-0012336,Train,26.0,1.4313637641589874,26.728,21.84,1.4429185453698419,1.3586960995738104,openadmet_polaris,2025
178,CNC(=O)C1=CC=CC(C2=CC3=C(N[C@H](C4=CC=C5CCCS(=O)(=O)C5=C4)C(C)C)N=CN=C3N2)=C1 |o1:14|,746.0,ASAP-0012338,Train,746.0,2.873320601815399,766.888,626.64,2.88529788080097,2.7977106137321486,openadmet_polaris,2025
179,CNC(=O)C1=CC2=C(N[C@H](C3=CC=C4CCCS(=O)(=O)C4=C3)C(C)C)N=CN=C2N1 |o1:9|,67.0,ASAP-0012340,Train,67.0,1.8325089127062364,68.876,56.28,1.8443280361556502,1.7580030092997991,openadmet_polaris,2025
180,CNC(=O)C1=CC=CC(C2=CC3=C(N[C@H](C4=CC=C5CCCS(=O)(=O)C5=C4)C(C)C)N=CN=C3N2)=C1 |o1:14|,455.0,ASAP-0012344,Train,455.0,2.658964842664435,467.74,382.2,2.6709320156880003,2.583425500406507,openadmet_polaris,2025
181,CNC(=O)C1=CC2=C(N[C@H](C3=CC=C4CCCS(=O)(=O)C4=C3)C(C)C)N=CN=C2N1 |o1:9|,682.0,ASAP-0012346,Train,682.0,2.8344207036815328,701.096,572.88,2.846396498767653,2.7588210896345866,openadmet_polaris,2025
182,CO[C@@H](C)CN1C[C@@]2(C(=O)N(C3=CN=CC4=CC=CC=C34)C[C@@H]2C)C2=CC(F)=CC=C2C1=O,87.0,ASAP-0012339,Train,87.0,1.9444826721501687,89.436,73.08,1.956341345177691,1.8697009736738779,openadmet_polaris,2025
183,CO[C@@H](C)CN1C[C@@]2(C(=O)N(C3=CN=CC4=CC=CC=C34)C[C@@H]2C)C2=CC(Cl)=CC=C2C1=O,170.0,ASAP-0012331,Train,170.0,2.2329961103921536,174.76,142.79999999999998,2.2449200439124537,2.1577588860468637,openadmet_polaris,2025
184,CNC(=O)[C@@H](C)N1C[C@@]2(C(=O)N(C3=CN=CC4=CC=CC=C34)C[C@@H]2C)C2=CC(Cl)=CC=C2C1=O,48.0,ASAP-0012333,Train,48.0,1.6901960800285136,49.344,40.32,1.7019477187394292,1.616160312847583,openadmet_polaris,2025
185,CC(C)[C@H](NC1=NC=NC2=C1C=C(C1=CN(CC(N)=O)N=C1)N2)C1=CC=C2OCCOC2=N1 |o1:3|,12.0,ASAP-0012307,Train,12.0,1.1139433523068367,12.336,10.08,1.125025586819949,1.044539760392411,openadmet_polaris,2025
186,CC(C)[C@H](NC1=NC=NC2=C1C=C(C1=CN(CC(N)=O)N=C1)N2)C1=CC=C2OCCOC2=N1 |o1:3|,18.0,ASAP-0012315,Train,18.0,1.2787536009528289,18.504,15.12,1.2901236882743068,1.2073650374690719,openadmet_polaris,2025
187,CCNC(=O)C1=CC2=C(N[C@H](C3=CC=C4CCCS(=O)(=O)C4=C3)C(C)C)N=CN=C2N1 |o1:10|,892.0,ASAP-0012349,Train,892.0,2.9508514588885464,916.976,749.28,2.9628313269487183,2.875223369740308,openadmet_polaris,2025
188,C[C@H]1CN(C2=CN=CC3=CC=CC=C23)C(=O)[C@@]12CN(CCN1CCOCC1)C(=O)C1=CC=C(Cl)C=C12,172.0,ASAP-0011513,Train,172.0,2.2380461031287955,176.816,144.48,2.2499708364940165,2.1628032923826743,openadmet_polaris,2025
189,CC(C)[C@H](NC1=NC=NC2=C1C=C(C1=CN(CC(N)=O)N=C1)N2)C1=CC=C2CCCS(=O)(=O)C2=C1 |o1:3|,240.0,ASAP-0011428,Train,240.0,2.3820170425748683,246.72,201.6,2.3939610713375337,2.3066394410242617,openadmet_polaris,2025
190,CC1=NN(C)C=C1C1=CC2=C(N[C@H](C3=CC=C4CCCS(=O)(=O)C4=C3)C(C)C)N=CN=C2N1 |o1:12|,251.0,ASAP-0011448,Train,251.0,2.401400540781544,258.028,210.84,2.4133467122983565,2.326007967759606,openadmet_polaris,2025
191,CC1=NN(C)C=C1C1=CC2=C(N[C@H](C3=CC=C4CCCS(=O)(=O)C4=C3)C(C)C)N=CN=C2N1 |o1:12|,273.0,ASAP-0011446,Train,273.0,2.437750562820388,280.644,229.32,2.449700503681978,2.3623316518700257,openadmet_polaris,2025
192,CC(C)[C@H](NC1=NC=NC2=C1C=C(C1=CN(CC(N)=O)N=C1)N2)C1=CC=C2CCCS(=O)(=O)C2=C1 |o1:3|,115.0,ASAP-0011432,Train,115.0,2.0644579892269186,118.22,96.6,2.076349117493459,1.9894498176666917,openadmet_polaris,2025
193,CNC(=O)[C@@H](C)N1C[C@@]2(C(=O)N(C3=CN=CC4=CC=CC=C34)C[C@@H]2C)C2=CC(F)=CC=C2C1=O,11.0,ASAP-0011528,Train,11.0,1.0791812460476249,11.308,9.24,1.0901874875754207,1.0102999566398119,openadmet_polaris,2025
194,CNC(=O)CN1C[C@@]2(C(=O)N(C3=CN=CC4=CC=CC=C34)C[C@@H]2CC#N)C2=CC(Cl)=CC=C2C1=O,37.0,ASAP-0011430,Train,37.0,1.5797835966168101,38.036,31.08,1.5914653093294784,1.506234359612126,openadmet_polaris,2025
195,C[C@H]1CN(C2=CN=CC3=CC=CC=C23)C(=O)[C@@]12CN(CCN1CCOCC1)C(=O)C1=CC=C(F)C=C12,96.0,ASAP-0011445,Train,96.0,1.9867717342662448,98.688,80.64,1.9986428830113454,1.9119029960440328,openadmet_polaris,2025
196,C[C@H]1CN(C2=CN=CC3=CC=CC=C23)C(=O)[C@@]12CN(CC1=CNN=C1)C(=O)C1=CC=C(F)C=C12,27.0,ASAP-0011485,Train,27.0,1.4471580313422192,27.756,22.68,1.4587284749394975,1.374381698050882,openadmet_polaris,2025
197,CNC(=O)C1(N2C[C@@]3(C(=O)N(C4=CN=CC5=CC=CC=C45)C[C@@H]3C)C3=CC(F)=CC=C3C2=O)CC1,15.0,ASAP-0011359,Train,15.0,1.2041199826559248,15.42,12.6,1.215373152783422,1.1335389083702174,openadmet_polaris,2025
198,CNC(=O)CN1C[C@@]2(C(=O)N(C3=CN=CC4=CC=CC=C34)C[C@@H]2CN2C=CN=N2)C2=CC(F)=CC=C2C1=O,11.0,ASAP-0011358,Train,11.0,1.0791812460476249,11.308,9.24,1.0901874875754207,1.0102999566398119,openadmet_polaris,2025
199,CCNC(=O)CN1C[C@@]2(C(=O)N(C3=CN=CC4=CC=CC=C34)C[C@@H]2C)C2=CC(F)=CC=C2C1=O,65.0,ASAP-0011343,Train,65.0,1.8195439355418688,66.82000000000001,54.6,1.8313577854420675,1.7450747915820575,openadmet_polaris,2025
200,CNCC1=CC(C2=CC3=C(N[C@H](C4=CC=C5CCNS(=O)(=O)C5=C4)C(C)C)N=CN=C3N2)=CO1 |&1:11|,46.0,ASAP-0011243,Train,46.0,1.6720978579357175,47.288000000000004,38.64,1.6838392180954957,1.5981336458132378,openadmet_polaris,2025
201,CC(C)[C@H](NC1=NC=NC2=C1C(C(=O)NC1CC1)=CN2)C1=CC=C2CCCS(=O)(=O)C2=C1 |o1:3|,5.0,ASAP-0011247,Train,5.0,0.7781512503836436,5.140000000000001,4.2,0.7881683711411677,0.7160033436347992,openadmet_polaris,2025
202,CNC(=O)CN1C[C@@]2(C(=O)N(C3=CN=CC4=CC=CC=C34)C[C@@H]2CS(C)(=O)=O)C2=CC(F)=CC=C2C1=O,21.0,ASAP-0011414,Train,21.0,1.3424226808222062,21.588,17.64,1.3538777790648415,1.2704459080179626,openadmet_polaris,2025
203,CC1CCC2(CC1)CCN(C(=O)CC1=CN=CC3=CC=CC=C13)C2,346.0,ASAP-0011408,Train,346.0,2.5403294747908736,355.688,290.64,2.5522884986810865,2.464847089563307,openadmet_polaris,2025
204,C[C@H]1CN(C2=CN=CC3=CC=CC=C23)C(=O)[C@@]12CN(CC(=O)NC1CCC1)C(=O)C1=CC=C(Cl)C=C12,780.0,ASAP-0011185,Train,780.0,2.8926510338773004,801.84,655.1999999999999,2.9046290022640164,2.817036226050029,openadmet_polaris,2025
205,CNCC1=CC(C2=CC3=C(N[C@H](C4=CC=C5CCCS(=O)(=O)C5=C4)C(C)C)N=CN=C3N2)=CO1 |o1:11|,133.0,ASAP-0011176,Train,133.0,2.1271047983648077,136.724,111.72,2.1390096276886075,2.0520009801013,openadmet_polaris,2025
206,CNC(=O)C1=CNC2=NC=NC(N[C@H](C3=CC=C4CCCS(=O)(=O)C4=C3)C(C)C)=C12 |o1:13|,108.0,ASAP-0011156,Train,108.0,2.037426497940624,111.024,90.72,2.049311075803824,1.9624640460579013,openadmet_polaris,2025
207,CC(C)[C@H](NC1=NC=NC2=C1C=C(C1=C(C#N)N(C)N=C1)N2)C1=CC=C2CCCS(=O)(=O)C2=C1 |o1:3|,935.0,ASAP-0011144,Train,935.0,2.971275848738105,961.1800000000001,785.4,2.9832563253581577,2.895643504824079,openadmet_polaris,2025
208,CC(C)[C@H](NC1=NC=NC2=C1C=C(C1=C(C#N)N(C)N=C1)N2)C1=CC=C2CCCS(=O)(=O)C2=C1 |o1:3|,516.0,ASAP-0011147,Train,516.0,2.7134905430939424,530.448,433.44,2.725460777010087,2.637929805023515,openadmet_polaris,2025
209,CNC(=O)C1=CNC2=NC=NC(N[C@H](C3=CC=C4CCCS(=O)(=O)C4=C3)C(C)C)=C12 |o1:13|,258.0,ASAP-0011153,Train,258.0,2.413299764081252,265.224,216.72,2.425247204398362,2.3378983256450363,openadmet_polaris,2025
210,CNC(=O)CN1C=C(C2=CC3=C(N[C@H](C4=CC=C5CCCS(=O)(=O)C5=C4)C(C)C)N=CN=C3N2)C=N1 |o1:13|,92.0,ASAP-0011171,Train,92.0,1.968482948553935,94.57600000000001,77.28,1.9803488506848916,1.8936508169859636,openadmet_polaris,2025
211,CC(C)(C)[C@H](NC1=NC=NC2=C1C=C(C1=CN(CC(N)=O)N=C1)N2)C1=CC=C2OCCOC2=N1 |o1:4|,27.0,ASAP-0011159,Train,27.0,1.4471580313422192,27.756,22.68,1.4587284749394975,1.374381698050882,openadmet_polaris,2025
212,CC(C)[C@H](NC1=NC=NC2=C1C(C(=O)NC1CC1)=CN2)C1=CC=C2CCCS(=O)(=O)C2=C1 |o1:3|,409.0,ASAP-0011207,Train,409.0,2.6127838567197355,420.452,343.56,2.624748119121639,2.537264858754544,openadmet_polaris,2025
213,CC(C)[C@H](NC1=NC=NC2=C1C=C(C1=C(C#N)N(C)N=C1)N2)C1=CC=C2OCC(=O)NC2=N1 |o1:3|,51.0,ASAP-0011180,Train,51.0,1.7160033436347992,52.428000000000004,42.839999999999996,1.7277689173006154,1.6418705454763127,openadmet_polaris,2025
214,CNC(=O)CN1C=C(C2=CC3=C(N[C@H](C4=CC=C5CCCS(=O)(=O)C5=C4)C(C)C)N=CN=C3N2)C=N1 |o1:13|,237.0,ASAP-0011184,Train,237.0,2.376576957056512,243.636,199.07999999999998,2.3885203670539803,2.301203678722446,openadmet_polaris,2025
215,CC(C)[C@H](NC1=NC=NC2=C1C=C(C1=CN(C)N=C1)N2)C1=CC=C2CCNS(=O)(=O)C2=C1 |&1:3|,120.0,ASAP-0011192,Train,120.0,2.0827853703164503,123.36,100.8,2.094680713371154,2.00774777800074,openadmet_polaris,2025
216,CC(C)[C@H](NC1=NC=NC2=C1C=C(C(=O)N[C@@H]1CCN(C)C1)N2)C1=CC=C2CCCS(=O)(=O)C2=C1 |o1:3|,3.0,ASAP-0011196,Train,3.0,0.6020599913279624,3.084,2.52,0.6110857334148726,0.5465426634781311,openadmet_polaris,2025
217,CC(C)[C@H](NC1=NC=NC2=C1C=C(C(=O)N[C@@H]1CCN(C)C1)N2)C1=CC=C2CCCS(=O)(=O)C2=C1 |o1:3|,20.0,ASAP-0011198,Train,20.0,1.3222192947339193,20.560000000000002,16.8,1.333648756514701,1.250420002308894,openadmet_polaris,2025
218,CC(C)[C@H](NC1=NC=NC2=C1C=C(C1=CC=C3N=NN(C)C3=C1)N2)C1=CC=C2CCCS(=O)(=O)C2=C1 |&1:3|,752.0,ASAP-0011201,Train,752.0,2.8767949762007006,773.056,631.68,2.8887723813692205,2.8011841059512874,openadmet_polaris,2025
219,CC(C)[C@H](NC1=NC=NC2=C1C=C(C1=CN3C=NC=C3C=C1)N2)C1=CC=C2CCCS(=O)(=O)C2=C1 |&1:3|,210.0,ASAP-0011215,Train,210.0,2.3242824552976926,215.88,176.4,2.336219504572429,2.2489536154957075,openadmet_polaris,2025
220,CC(C)[C@H](NC1=NC=NC2=C1C=C(C1=C(C#N)N(C)N=C1)N2)C1=CC=C2OCC(=O)NC2=N1 |o1:3|,137.0,ASAP-0011177,Train,137.0,2.1398790864012365,140.836,115.08,2.151786474972846,2.0647573994296793,openadmet_polaris,2025
221,CC(C)(C)[C@H](NC1=NC=NC2=C1C=C(C1=CN(CC(N)=O)N=C1)N2)C1=CC=C2OCCOC2=N1 |o1:4|,42.0,ASAP-0011162,Train,42.0,1.6334684555795864,43.176,35.28,1.645186389295188,1.5596672783880576,openadmet_polaris,2025
222,CN1N=CC(C2=CC3=C(N[C@H](C4=CC=C5OCCOC5=N4)C(C)(C)C)N=CN=C3N2)=C1C#N |o1:10|,283.0,ASAP-0011221,Train,283.0,2.4533183400470375,290.92400000000004,237.72,2.4652698011856753,2.377888805792575,openadmet_polaris,2025
223,CNCC1=CC(C2=CC3=C(N[C@H](C4=CC=C5CCCS(=O)(=O)C5=C4)C(C)C)N=CN=C3N2)=CO1 |o1:11|,67.0,ASAP-0011169,Train,67.0,1.8325089127062364,68.876,56.28,1.8443280361556502,1.7580030092997991,openadmet_polaris,2025
224,CNC(=O)C1=CC2=C(N[C@H](C3=CC=C4OCC(=O)NC4=C3)C(C)C)N=CN=C2N1 |o1:9|,175.0,ASAP-0011219,Train,175.0,2.24551266781415,179.9,147.0,2.257438566859814,2.1702617153949575,openadmet_polaris,2025
225,C[C@H]1CN(C2=CN=CC3=CC=CC=C23)C(=O)[C@@]12CN(CC(=O)NCC1(F)CC1)C(=O)C1=CC=C(F)C=C12,122.0,ASAP-0011125,Train,122.0,2.089905111439398,125.416,102.47999999999999,2.1018020444523446,2.014856420044506,openadmet_polaris,2025
226,CCNC(=O)C1=CC2=C(N[C@H](C3=CC=C4CCNS(=O)(=O)C4=C3)C(C)C)N=CN=C2N1 |&1:10|,85.0,ASAP-0011076,Train,85.0,1.9344984512435677,87.38,71.39999999999999,1.9463539972262744,1.8597385661971468,openadmet_polaris,2025
227,C[C@H]1CN(C2=CN=CC3=CC=CC=C23)C(=O)[C@@]12CN(CC(=O)NCC1CC1)C(=O)C1=CC=C(F)C=C12,293.0,ASAP-0011059,Train,293.0,2.4683473304121573,301.204,246.12,2.480300208402844,2.392907895293394,openadmet_polaris,2025
228,CCNC(=O)CN1C[C@@]2(C(=O)N(C3=CN=CC4=CC=CC=C34)C[C@@H]2C)C2=CC(Cl)=CC=C2C1=O,80.0,ASAP-0011052,Train,80.0,1.9084850188786497,82.24000000000001,67.2,1.9203320715395893,1.833784374656479,openadmet_polaris,2025
229,CC(C)[C@@H](NC1=NC=NC2=C1C=C(C1=C(C#N)N(C)N=C1)N2)C1=CC=C2OCCOC2=C1,47.0,ASAP-0011033,Train,47.0,1.6812412373755872,48.316,39.48,1.69298784390957,1.6072405038317428,openadmet_polaris,2025
230,CN1C(=O)C2=CC=C(Cl)C=C2[C@]12CCCN(C1=CN=CC3=CC=CC=C13)C2=O |&1:11|,16.0,ASAP-0011036,Train,16.0,1.2304489213782739,16.448,13.44,1.2417456525706438,1.1595671932336202,openadmet_polaris,2025
231,CC1=CC=CC=C1OCC(=O)NC1=CN=CC(C2=CN=C3NC=CC3=C2)=C1,113.0,ASAP-0010877,Train,113.0,2.0569048513364727,116.164,94.92,2.068794190154265,1.9819091700907923,openadmet_polaris,2025
232,CC(C)[C@H](NC1=NC=NC2=C1C=C(C1=C(C#N)N(C)N=C1)N2)C1=CC=C2OCCOC2=C1,706.0,ASAP-0010980,Train,706.0,2.8494194137968996,725.768,593.04,2.8613957968289356,2.7738156894162,openadmet_polaris,2025
233,CC(C)[C@H](NC1=NC=NC(N)=C1Cl)C1=CC=C2CCCS(=O)(=O)C2=C1 |&1:3|,79.0,ASAP-0010739,Train,79.0,1.9030899869919435,81.212,66.36,1.9149352135670081,1.828402078491593,openadmet_polaris,2025
234,CN[C@H](C)CN1C[C@H](C(=O)NC2=CN=CC3=CC=CC=C23)C2=CC(Cl)=CC=C2C1=O |&1:7|,14.0,ASAP-0010740,Train,14.0,1.1760912590556813,14.392,11.76,1.1872950546937378,1.1058506743851435,openadmet_polaris,2025
235,COC1=CC=C([C@H](NC(=O)C2=C3C=CNC3=NC=N2)C(C)C2=NN=NN2)C=C1 |&1:6|,2.0,ASAP-0010744,Train,2.0,0.47712125471966244,2.056,1.68,0.48515334990365233,0.4281347940287888,openadmet_polaris,2025
236,CNCC1=CC(C2=CC3=C(N[C@H](C4=CC=C5CCCS(=O)(=O)C5=C4)C(C)C)N=CN=C3N2)=CO1 |&1:11|,57.0,ASAP-0010745,Train,57.0,1.7634279935629373,58.596000000000004,47.879999999999995,1.7752171114814315,1.6891311972344978,openadmet_polaris,2025
237,CC(C)[C@H](NC1=NC=NC2=C1C=C(C1=C(C#N)N(C)N=C1)N2)C1=CC=C2OCCOC2=N1 |o1:3|,17.0,ASAP-0010715,Train,17.0,1.255272505103306,17.476,14.28,1.2666079535745092,1.1841233542396712,openadmet_polaris,2025
238,CC(C)[C@H](NC1=NC=NC2=C1C=C(C1=C(C#N)N(C)N=C1)N2)C1=CC=C2OCCOC2=N1 |o1:3|,369.0,ASAP-0010716,Train,369.0,2.568201724066995,379.332,309.96,2.5801628671911265,2.49270452762321,openadmet_polaris,2025
239,CNC(=O)CN1C=C(C2=CC3=C(N[C@H](C4=CC=C5CCCS(=O)(=O)C5=C4)C(C)C)N=CN=C3N2)C=N1 |&1:13|,94.0,ASAP-0010723,Train,94.0,1.9777236052888478,96.632,78.96,1.9895921859623131,1.9028727854460794,openadmet_polaris,2025
240,CO[C@@H](C)CN1C[C@H](C(=O)NC2=CN=CC3=CC=CC=C23)C2=CC(Cl)=CC=C2C1=O |o1:7|,114.0,ASAP-0010712,Train,114.0,2.060697840353612,117.19200000000001,95.75999999999999,2.0725880816769116,1.985695859689842,openadmet_polaris,2025
241,CCNC(=O)C1=CC2=C(N[C@H](C3=CC=C4CCCS(=O)(=O)C4=C3)C(C)C)N=CN=C2N1 |&1:10|,108.0,ASAP-0008711,Train,108.0,2.037426497940624,111.024,90.72,2.049311075803824,1.9624640460579013,openadmet_polaris,2025
242,CNC(=O)C1=CC2=C(N[C@H](C3=CC=C4CCCS(=O)(=O)C4=C3)C(C)C)N=CN=C2N1 |&1:9|,77.0,ASAP-0008685,Train,77.0,1.8920946026904804,79.156,64.67999999999999,1.9039360366011169,1.8174331441113842,openadmet_polaris,2025
243,CC(C)[C@H](NC1=NC=NC2=C1C=C(C1=CN(CC(N)=O)N=C1)N2)C1=CC=C2CCCS(=O)(=O)C2=C1 |&1:3|,116.0,ASAP-0008679,Train,116.0,2.0681858617461617,119.248,97.44,2.0800778617927542,1.9931716050307648,openadmet_polaris,2025
244,CC(C)[C@H](NC1=NC=NC2=C1C=C(C1=CN(C)N=C1)N2)C1=CC=C2CCCS(=O)(=O)C2=C1 |&1:3|,141.0,ASAP-0008678,Train,141.0,2.1522883443830563,144.948,118.44,2.16419814800567,2.077149794716969,openadmet_polaris,2025
245,CC(C)[C@H](NC1=NC=NC2=C1C=CN2)C1=CC=C2CCCS(=O)(=O)C2=C1 |o1:3|,21.0,ASAP-0008676,Train,21.0,1.3424226808222062,21.588,17.64,1.3538777790648415,1.2704459080179626,openadmet_polaris,2025
246,CC(C)[C@H](NC1=NC=NC2=C1C=CN2)C1=CC=C2CCCS(=O)(=O)C2=C1 |o1:3|,57.0,ASAP-0008674,Train,57.0,1.7634279935629373,58.596000000000004,47.879999999999995,1.7752171114814315,1.6891311972344978,openadmet_polaris,2025
247,CC(C)[C@H](NC1=NC=NC2=C1C=C(C1=CN(CC(=O)N(C)C)N=C1)N2)C1=CC=C2CCCS(=O)(=O)C2=C1 |&1:3|,106.0,ASAP-0008668,Train,106.0,2.0293837776852097,108.968,89.03999999999999,2.0412663265649846,1.9544354863284823,openadmet_polaris,2025
248,CNC(=O)C1=CNC2=NC=NC(N[C@H](C3=CC=C4CCCS(=O)(=O)C4=C3)C(C)C)=C12 |&1:13|,131.0,ASAP-0008641,Train,131.0,2.12057393120585,134.668,110.03999999999999,2.13247742273502,2.04547945311078,openadmet_polaris,2025
249,CNC(=O)C1=CNC2=NC=NC(N[C@H](C3=CC=C4OCC(=O)NC4=C3)C(C)C)=C12 |&1:13|,86.0,ASAP-0008637,Train,86.0,1.9395192526186185,88.408,72.24,1.951376380098069,1.8647483356296588,openadmet_polaris,2025
250,CC(C)[C@H](NC1=NC=NC2=C1C=C(C1=C(C#N)N(C)N=C1)N2)C1=CC=C2CCCS(=O)(=O)C2=C1 |&1:3|,490.0,ASAP-0008651,Train,490.0,2.6910814921229687,503.72,411.59999999999997,2.703050514397927,2.615529223637133,openadmet_polaris,2025
251,COCCNC(=O)C1=CNC2=NC=NC(N[C@H](C3=CC=C4CCCS(=O)(=O)C4=C3)C(C)C)=C12 |&1:16|,540.0,ASAP-0008650,Train,540.0,2.7331972651065692,555.12,453.59999999999997,2.745168514090475,2.657629431388952,openadmet_polaris,2025
252,CC(C)(C)[C@H](NC1=NC=NC2=C1C=C(C1=CN(CC(N)=O)N=C1)N2)C1=CC=C2OCCOC2=N1 |&1:4|,36.0,ASAP-0008648,Train,36.0,1.568201724066995,37.008,30.24,1.579875017411149,1.4947110252052627,openadmet_polaris,2025
253,CC(C)[C@H](NC1=NC=NC2=C1C(C(=O)NC1CC1)=CN2)C1=CC=C2CCCS(=O)(=O)C2=C1 |&1:3|,29.0,ASAP-0008647,Train,29.0,1.4771212547196624,29.812,24.36,1.4887198891891653,1.404149249209695,openadmet_polaris,2025
254,CN1N=CC(C2=CC3=C(N[C@H](C4=CC=C5OCCOC5=N4)C(C)(C)C)N=CN=C3N2)=C1C#N |&1:10|,81.0,ASAP-0008645,Train,81.0,1.9138138523837167,83.268,68.03999999999999,1.9256626865844517,1.839100782707153,openadmet_polaris,2025
255,CC(C)[C@H](NC1=NC=NC2=C1C=C(C1=C(C#N)N(C)N=C1)N2)C1=CC=C2OCC(=O)NC2=N1 |&1:3|,70.0,ASAP-0008644,Train,70.0,1.8512583487190752,71.96000000000001,58.8,1.8630848253203598,1.7767011839884108,openadmet_polaris,2025
256,CC(C)[C@H](NC1=NC=NC2=C1C=C(C1=CN(CC(N)=O)N=C1)N2)C1=CC=C2OCCOC2=N1 |&1:3|,14.0,ASAP-0008646,Train,14.0,1.1760912590556813,14.392,11.76,1.1872950546937378,1.1058506743851435,openadmet_polaris,2025
257,CC(C)[C@H](NC1=NC=NC2=C1C=C(C1=CN(CC(N)=O)N=C1)N2)C1=CC=C2OCC(=O)NC2=C1 |&1:3|,17.0,ASAP-0008621,Train,17.0,1.255272505103306,17.476,14.28,1.2666079535745092,1.1841233542396712,openadmet_polaris,2025
258,CNC(=O)CN1C=C(C2=CC3=C(N[C@H](C4=CC=C5OCCOC5=C4)C(C)C)N=CN=C3N2)C=N1 |&1:13|,119.0,ASAP-0008565,Train,119.0,2.0791812460476247,122.33200000000001,99.96,2.0910757742464736,2.004149341900059,openadmet_polaris,2025
259,CNC(=O)C1=CC2=C(N[C@H](C3=CC=C4OCC(=O)NC4=C3)C(C)C)N=CN=C2N1 |&1:9|,52.0,ASAP-0008571,Train,52.0,1.724275869600789,53.456,43.68,1.7360457375965421,1.6501131644435714,openadmet_polaris,2025
260,CC(C)[C@H](NC1=NC=NC2=C1C=C(C1=C(C#N)N(C)N=C1)N2)C1=CC=C2OCC(=O)NC2=C1 |&1:3|,100.0,ASAP-0008576,Train,100.0,2.0043213737826426,102.8,84.0,2.016197353512439,1.9294189257142926,openadmet_polaris,2025
261,CC(C)(C)[C@H](NC1=NC=NC2=C1C=C(C1=CN(CC(N)=O)N=C1)N2)C1=CC=C2OCCOC2=C1 |&1:4|,133.0,ASAP-0008581,Train,133.0,2.1271047983648077,136.724,111.72,2.1390096276886075,2.0520009801013,openadmet_polaris,2025
262,CC(C)[C@H](NC1=NC=NC2=C1C=C(C1=CN(CCC(N)=O)N=C1)N2)C1=CC=C2OCCOC2=C1 |&1:3|,99.0,ASAP-0008482,Train,99.0,2.0,101.772,83.16,2.0118748082209437,1.9251057268096639,openadmet_polaris,2025
263,CN1N=CC(C2=CC3=C(N[C@H](C4=CC=C5OCCOC5=C4)C(C)(C)C)N=CN=C3N2)=C1C#N |&1:10|,85.0,ASAP-0008484,Train,85.0,1.9344984512435677,87.38,71.39999999999999,1.9463539972262744,1.8597385661971468,openadmet_polaris,2025
264,CC(C)[C@H](NC1=NC=NC2=C1C=C(C1=CN(CC(=O)N(C)C)N=C1)N2)C1=CC=C2OCCOC2=C1 |&1:3|,142.0,ASAP-0008485,Train,142.0,2.155336037465062,145.976,119.28,2.1672464237378293,2.08019341942848,openadmet_polaris,2025
265,CC(C)[C@H](NC1=NC=NC2=C1C=CN2)C1=CC=C2OCC(=O)NC2=C1 |o1:3|,31.0,ASAP-0008431,Train,31.0,1.505149978319906,31.868000000000002,26.04,1.5167732783015861,1.4320066872695982,openadmet_polaris,2025
266,"C[C@H](C(=O)O)[C@H](NC(=O)C1=NC=NC2=C1C=CN2)C1=CC=C(Br)C=C1 |&1:1,&2:5|",5.0,ASAP-0008445,Train,5.0,0.7781512503836436,5.140000000000001,4.2,0.7881683711411677,0.7160033436347992,openadmet_polaris,2025
267,CC(C)[C@H](NC1=NC=NC2=C1C=C(C1=CN(CC(N)=O)N=C1)N2)C1=CC=C2OCCOC2=C1 |o1:3|,238.0,ASAP-0008450,Train,238.0,2.3783979009481375,244.66400000000002,199.92,2.390341518926754,2.3030231694875116,openadmet_polaris,2025
268,CC(C)[C@H](NC1=NC=NC2=C1C=C(C1=CN(CC(N)=O)N=C1)N2)C1=CC=C2OCCOC2=C1 |o1:3|,47.0,ASAP-0008449,Train,47.0,1.6812412373755872,48.316,39.48,1.69298784390957,1.6072405038317428,openadmet_polaris,2025
269,CC(C)[C@H](NC1=NC=NC2=C1C=CN2)C1=CC=C2OCC(=O)NC2=C1 |o1:3|,10.0,ASAP-0008430,Train,10.0,1.0413926851582251,10.280000000000001,8.4,1.0523090996473234,0.9731278535996987,openadmet_polaris,2025
270,CCNC(=O)C1=CC2=C(N[C@H](C3=CC=C4OCCOC4=C3)C(C)C)N=CN=C2N1 |&1:10|,85.0,ASAP-0008444,Train,85.0,1.9344984512435677,87.38,71.39999999999999,1.9463539972262744,1.8597385661971468,openadmet_polaris,2025
271,CC(C)[C@H](NC1=NC=NC2=C1C=C(C1=C(C#N)N(C)N=C1)N2)C1=CC=C2OCCOC2=N1 |&1:3|,56.0,ASAP-0008418,Train,56.0,1.7558748556724915,57.568,47.04,1.7676603938453739,1.6816029987308685,openadmet_polaris,2025
272,CC(C)[C@H](NC1=NC=NC2=C1C(C(N)=O)=CN2)C1=CC=C2OCCOC2=C1 |&1:3|,143.0,ASAP-0008399,Train,143.0,2.1583624920952498,147.004,120.11999999999999,2.1702734529250427,2.0832158621559973,openadmet_polaris,2025
273,CNC(=O)C1=CNC2=NC=NC(N[C@H](C3=CC=C4OCCOC4=C3)C(C)C)=C12 |&1:13|,79.0,ASAP-0008406,Train,79.0,1.9030899869919435,81.212,66.36,1.9149352135670081,1.828402078491593,openadmet_polaris,2025
274,COC1=CC=C([C@H](CC2=NN=NN2)NC(=O)C2=NC=NC3=C2C=CN3)C=C1 |&1:6|,5.0,ASAP-0008340,Train,5.0,0.7781512503836436,5.140000000000001,4.2,0.7881683711411677,0.7160033436347992,openadmet_polaris,2025
275,CNC(=O)C1=CC2=C(N[C@H](C3=CC=C4OCCOC4=C3)C(C)C)N=CN=C2N1 |&1:9|,79.0,ASAP-0008348,Train,79.0,1.9030899869919435,81.212,66.36,1.9149352135670081,1.828402078491593,openadmet_polaris,2025
276,CC(C)[C@H](NC1=NC=NC2=C1C=CN2)C1=CC=C2CCCS(=O)(=O)C2=C1 |&1:3|,37.0,ASAP-0008327,Train,37.0,1.5797835966168101,38.036,31.08,1.5914653093294784,1.506234359612126,openadmet_polaris,2025
277,CC(C)[C@H](NC1=NC=NC2=C1C=C(C1=CN(CC(N)=O)N=C1)N2)C1=CC=C2OCCOC2=C1 |&1:3|,99.0,ASAP-0008288,Train,99.0,2.0,101.772,83.16,2.0118748082209437,1.9251057268096639,openadmet_polaris,2025
278,CC(C)[C@H](NC1=NC=NC2=C1C=CN2)C1=CC=C2OCCOC2=C1 |o1:3|,64.0,ASAP-0008279,Train,64.0,1.8129133566428555,65.792,53.76,1.824724448045649,1.7384634394619525,openadmet_polaris,2025
279,CC(C)[C@H](NC1=NC=NC2=C1C=CN2)C1=CC=C2OCCOC2=N1 |&1:3|,31.0,ASAP-0008270,Train,31.0,1.505149978319906,31.868000000000002,26.04,1.5167732783015861,1.4320066872695982,openadmet_polaris,2025
280,CC(C)[C@H](NC1=NC=NC2=C1C=C(C1=C(C#N)N(C)N=C1)N2)C1=CC=C2OCCOC2=C1 |&1:3|,74.0,ASAP-0008275,Train,74.0,1.8750612633917,76.072,62.16,1.8868966289703588,1.8004421213362567,openadmet_polaris,2025
281,C[C@H]1CN(C2=CN=CC3=CC=CC=C23)C(=O)[C@@]12CN(CC(=O)NCC1=NN(C)C=C1)C(=O)C1=CC=C(Cl)C=C12,519.0,ASAP-0000775,Train,519.0,2.716003343634799,533.532,435.96,2.7279737095586882,2.6404416827956583,openadmet_polaris,2025
282,C[C@H]1CN(C2=CN=CC3=CC=CC=C23)C(=O)[C@@]12CN(CC(=O)NCC1=CC=NN1C)C(=O)C1=CC=C(Cl)C=C12,364.0,ASAP-0000774,Train,364.0,2.5622928644564746,374.192,305.76,2.5742535695980298,2.486798729097594,openadmet_polaris,2025
283,"CNC(=O)CN1C[C@]2(C(=O)N(C3=CN=CC4=CC=CC=C34)C[C@H]2CC2CC2)C2=CC(Cl)=CC=C2C1=O |o1:7,22|",83.0,ASAP-0000738,Train,83.0,1.9242792860618816,85.324,69.72,1.9361315560687276,1.8495422520050167,openadmet_polaris,2025
284,CNC(=O)CN1C[C@@]2(C(=O)N(C3=CN=CC4=CC=CC=C34)C[C@@H]2C)C2=CC(Cl)=CC=C2C1=O,23.0,ASAP-0000733,Train,23.0,1.380211241711606,23.644000000000002,19.32,1.391711200121372,1.3079237036118816,openadmet_polaris,2025
285,"O=C(NC1=C2NC=C(C(=O)N[C@H]3C4=CC=CC=C4C[C@H]3C(=O)O)C2=CC=C1)NC1CC1 |&1:11,19|",6.0,ASAP-0000627,Train,6.0,0.8450980400142568,6.168,5.04,0.8553979966540688,0.7810369386211319,openadmet_polaris,2025
286,COC1=CC=C([C@H](CC(=O)O)NC(=O)C2=NC=NC3=C2C=CN3)C=C1 |&1:6|,7.0,ASAP-0000591,Train,7.0,0.9030899869919435,7.196,5.88,0.9136019497291574,0.8375884382355113,openadmet_polaris,2025
287,"CNC(=O)CN1C[C@]2(CCN(C3=CN=CC4=CC=C(OC[C@H](O)CN(C)C)C=C34)C2=O)C2=CC(Cl)=CC=C2C1=O |&1:7,&2:21|",8.0,ASAP-0000528,Train,8.0,0.9542425094393249,8.224,6.72,0.9649192942866426,0.8876173003357362,openadmet_polaris,2025
288,CNC(=O)CN1C[C@@]2(C(=O)N(C3=CN=CC4=CC=CC=C34)C[C@@H]2C)C2=CC=CC=C2C1=O,3.0,ASAP-0000541,Train,3.0,0.6020599913279624,3.084,2.52,0.6110857334148726,0.5465426634781311,openadmet_polaris,2025
289,COC1=CC=C2C(=C1)CCN(C1=NC=NC3=C1C=CN3)[C@H]2C(C)C |&1:20|,60.0,ASAP-0000502,Train,60.0,1.7853298350107671,61.68,50.4,1.7971289877965526,1.7109631189952756,openadmet_polaris,2025
290,CC(C)[C@H](NC1=NC=NC2=C1C=CN2)C1=CC=C2OCCOC2=C1 |&1:3|,50.0,ASAP-0000450,Train,50.0,1.7075701760979363,51.4,42.0,1.7193312869837267,1.6334684555795864,openadmet_polaris,2025
291,CC(C)[C@H](CO)NC1=NC=NC2=C1C=CN2,6.0,ASAP-0000453,Train,6.0,0.8450980400142568,6.168,5.04,0.8553979966540688,0.7810369386211319,openadmet_polaris,2025
292,CNC(=O)CN1C[C@@]2(C(=O)N(C3=CN=CC4=CC=CC=C34)C[C@@H]2C)C2=C(C=CC(F)=C2)C1=O,1.0,ASAP-0000272,Train,1.0,0.3010299956639812,1.028,0.84,0.3070679506612984,0.26481782300953643,openadmet_polaris,2025
293,C=CC(=O)NC1=CC=CC(N(CC2=CC=CC(Cl)=C2)C(=O)CC2=CN=CC3=CC=CC=C23)=C1,1070.0,ASAP-0000175,Train,1070.0,3.029789470831856,1099.96,898.8,3.0417715405023174,2.954145988829548,openadmet_polaris,2025
294,O=C(O)C[C@H](NC(=O)C1=NC=NC2=C1C=CN2)C1=CC=C(Br)C=C1 |&1:4|,6.0,ASAP-0000136,Train,6.0,0.8450980400142568,6.168,5.04,0.8553979966540688,0.7810369386211319,openadmet_polaris,2025
295,O=C(NC1=CC=CC=C1)NC1=CC=C(C(=O)NC2C3=C(CC2C(=O)O)C(O)=CC=C3)C=C1,9.0,ASAP-0000132,Train,9.0,1.0,9.252,7.56,1.0108085975122065,0.9324737646771531,openadmet_polaris,2025
296,C=CC(=O)N1CCCC2=CC=C(N(CC3=CC=CC(C(F)(F)F)=C3)C(=O)CC3=CN=CC4=CC=CC=C34)C=C21,614.0,ASAP-0022458,Train,614.0,2.788875115775417,631.192,515.76,2.8008489958094165,2.713288889562118,openadmet_polaris,2025
297,C=CC(=O)N1CCCC2=CC=C(N(CC3=CC=CC(Cl)=C3)C(=O)CC3=CN=CC4=C(F)C=CC=C34)C=C21,752.0,ASAP-0022456,Train,752.0,2.8767949762007006,773.056,631.68,2.8887723813692205,2.8011841059512874,openadmet_polaris,2025
298,C=CC(=O)N1CCCC2=CC=C(N(C(=O)CC3=CN=CC4=CC=CC=C34)N(C)C3=CC=CC(Cl)=C3)C=C21,1380.0,ASAP-0022459,Train,1380.0,3.140193678578631,1418.64,1159.2,3.1521782275976027,3.0645328611315783,openadmet_polaris,2025
299,CC(C)NC[C@H](O)COC1=CC=CC2=CC=CC=C12 |&1:5|,25.5,ASAP-0000690,Train,25.5,1.423245873936808,26.214000000000002,21.419999999999998,1.434792380451327,1.3506356082589543,openadmet_polaris,2025
300,O=C(O)CC1=CC=CC=C1NC1=C(Cl)C=CC=C1Cl,216.0,ASAP-0000691,Train,216.0,2.3364597338485296,222.048,181.44,2.3483983334155285,2.261120063568901,openadmet_polaris,2025
301,CC(C)[C@H]1C2=C(CCN1C(=O)CC1=CN=CC3=CC=CC=C13)SC=C2 |o1:3|,639.0,ASAP-0031558,Test,639.0,2.806179973983887,656.892,536.76,2.818154605386425,2.730588495125402,openadmet_polaris,2025
302,CC(C)C1(C)CCN(C(=O)CC2=CN=CC3=CC=CC=C23)CC1,242.0,ASAP-0031372,Test,242.0,2.385606273598312,248.776,203.28,2.3975507063827703,2.3102258491835026,openadmet_polaris,2025
303,O=C(CC1=CN=CC2=CC=CC=C12)N1CCC2=C(C=CS2)C12CCC2,463.0,ASAP-0031411,Test,463.0,2.6665179805548807,475.964,388.91999999999996,2.6784856008611557,2.5909755118406492,openadmet_polaris,2025
304,CC1(CC(F)(F)F)CCN(C(=O)CC2=CN=CC3=CC=CC=C23)CC1,177.0,ASAP-0031442,Test,177.0,2.250420002308894,181.95600000000002,148.68,2.262346656643961,2.1751637744919536,openadmet_polaris,2025
305,"CCC1=CC=C([C@H]2C[C@H](C)CCN2C(=O)CC2=CN=CC3=CC=CC=C23)O1 |o1:6,8|",690.0,ASAP-0031187,Test,690.0,2.8394780473741985,709.32,579.6,2.851454042980313,2.763877031495655,openadmet_polaris,2025
306,O=C(CC1=CN=CC2=CC=CC=C12)N1CCC2=C(C1)N=CS2,10.8,ASAP-0031242,Test,10.8,1.0718820073061255,11.102400000000001,9.072000000000001,1.0828715028289269,1.0031157170998062,openadmet_polaris,2025
307,CC1=CN=CC(CC(=O)N2CCC3=C(C=CS3)C2)=C1,10.2,ASAP-0031213,Test,10.2,1.0492180226701815,10.4856,8.568,1.0601536873745667,0.9808211666443356,openadmet_polaris,2025
308,CC(C)C1(F)CCN(C(=O)CC2=CN=CC3=CC=CC=C23)CC1,111.0,ASAP-0031146,Test,111.0,2.0492180226701815,114.108,93.24,2.061105508122569,1.9742352774430263,openadmet_polaris,2025
309,COCC1CCN(C(=O)CC2=CN=CC3=CC=CC=C23)CC1,23.8,ASAP-0030055,Test,23.8,1.3944516808262162,24.4664,19.992,1.40596755624602,1.3220538176955663,openadmet_polaris,2025
310,"O=C1C2=CC=C(Cl)C=C2[C@@]2(CN1CC1=NNC=C1)C(=O)N(C1=CN=CC3=CC=CC=C13)C[C@@H]2CNC1=NN=C(C(F)(F)F)O1 |a:9,32|",86.3,ASAP-0029987,Test,86.3,1.9410142437055697,88.7164,72.49199999999999,1.9528718385678352,1.866240066363793,openadmet_polaris,2025
311,"O=C1C2=CC=C(Cl)C=C2[C@@]2(CN1CC1=NNC=C1)C(=O)N(C1=CN=CC3=CC=CC=C13)C[C@@H]2CNC1=NN=CS1 |a:9,32|",86.1,ASAP-0029984,Test,86.1,1.9400181550076632,88.5108,72.324,1.951875438639178,1.8652461487416676,openadmet_polaris,2025
312,O=C(CC1=CN=CC2=CC=CC=C12)N1CCC(C(F)(F)F)CC1,78.5,ASAP-0029947,Test,78.5,1.9003671286564703,80.69800000000001,65.94,1.9122114249584201,1.8256857080217583,openadmet_polaris,2025
313,"CC1=NC=CC(CN2C[C@@]3(C(=O)N(C4=CN=CC5=CC=CC=C45)C[C@@H]3CNC3=NN=CO3)C3=CC(Cl)=CC=C3C2=O)=N1 |a:9,24|",38.6,ASAP-0029694,Test,38.6,1.5976951859255124,39.680800000000005,32.424,1.6093894848645047,1.5240584226362333,openadmet_polaris,2025
314,CCC1CCN(C(=O)CC2=CN=CC3=CC=CC=C23)CC1,82.6,ASAP-0029657,Test,82.6,1.9222062774390163,84.91279999999999,69.38399999999999,1.9340578734381941,1.8474739446327877,openadmet_polaris,2025
315,"CC1=NC=CC(CN2C[C@@]3(C(=O)N(C4=CN=CC5=CC=CC=C45)C[C@@H]3CNC3=NN=C(C(F)(F)F)O3)C3=CC(Cl)=CC=C3C2=O)=N1 |a:9,24|",97.7,ASAP-0029741,Test,97.7,1.9943171526696368,100.43560000000001,82.068,2.006190402434695,1.9194337542304942,openadmet_polaris,2025
316,"C[C@@H]1CCN(C(=O)CC2=CN=CC3=CC=CC=C23)[C@H](C)C1 |a:1,18|",128.0,ASAP-0029738,Test,128.0,2.110589710299249,131.584,107.52,2.1224911173495036,2.0355097850895585,openadmet_polaris,2025
317,CC1(C)CCN(C(=O)CC2=CN=CC3=CC=CC=C23)CC1,44.6,ASAP-0029707,Test,44.6,1.658964842664435,45.848800000000004,37.464,1.670698471209865,1.5850544459866267,openadmet_polaris,2025
318,CC(C)C1CCN(C(=O)CC2=CN=CC3=CC=CC=C23)CC1,218.0,ASAP-0029604,Test,218.0,2.3404441148401185,224.104,183.12,2.352383212292804,2.2651009662219366,openadmet_polaris,2025
319,"CC1=NC=CC(CN2C[C@@]3(C(=O)N(C4=CN=CC5=CC=CC=C45)C[C@@H]3CNC3=NN=C(C)O3)C3=CC(Cl)=CC=C3C2=O)=N1 |a:9,24|",13.4,ASAP-0029643,Test,13.4,1.1583624920952498,13.7752,11.256,1.1695333682882174,1.0883487522885287,openadmet_polaris,2025
320,"C[C@H]1C[C@@H](C)N(C(=O)CC2=CN=CC3=CC=CC=C23)[C@@H](C)C1 |a:1,3,19|",382.0,ASAP-0029634,Test,382.0,2.583198773968623,392.696,320.88,2.5951610023270533,2.507693992654917,openadmet_polaris,2025
321,"CC1=NC=CC(CN2C[C@@]3(C(=O)N(C4=CN=CC5=CC=CC=C45)C[C@@H]3CNC3=NN=CS3)C3=CC(Cl)=CC=C3C2=O)=N1 |a:9,24|",80.3,ASAP-0029560,Test,80.3,1.9100905455940682,82.5484,67.452,1.9219381373194808,1.8353861416778197,openadmet_polaris,2025
322,O=C(CC1=CN=CC2=CC=CC=C12)N1CCC(C(F)F)CC1,34.5,ASAP-0029539,Test,34.5,1.550228353055094,35.466,28.98,1.5618881276351217,1.4768316285122607,openadmet_polaris,2025
323,CC(F)(F)C1CCN(C(=O)CC2=CN=CC3=CC=CC=C23)CC1,72.6,ASAP-0029423,Test,72.6,1.8668778143374989,74.63279999999999,60.983999999999995,1.8787101786988962,1.7922795990390168,openadmet_polaris,2025
324,CC(C)CC1(C)CCN(C(=O)CC2=CN=CC3=CC=CC=C23)CC1,712.0,ASAP-0029287,Test,712.0,2.8530895298518657,731.936,598.0799999999999,2.865066053685698,2.7774848211182843,openadmet_polaris,2025
325,O=C(CC1=CN=CC2=CC=CC=C12)N(CC1=CC=CC(Cl)=C1)C1=CC=C2N=CNC2=C1,368.0,ASAP-0028999,Test,368.0,2.56702636615906,378.30400000000003,309.12,2.5789874226362675,2.4915297752974697,openadmet_polaris,2025
326,COC1=CC=C(N(CC2=CC=CC(Cl)=C2)C(=O)CC2=CN=CC=C2C)C=C1,789.0,ASAP-0028832,Test,789.0,2.8976270912904414,811.092,662.76,2.9096052322326043,2.8220110770832796,openadmet_polaris,2025
327,C[C@H]1C2=C(CCN1C(=O)CC1=CN=CC3=CC=CC=C13)SC=C2 |o1:1|,274.0,ASAP-0028820,Test,274.0,2.439332693830263,281.672,230.16,2.451282791695256,2.3639126857943453,openadmet_polaris,2025
328,CC1=NC2=CC=C(N(CC3=CC=CC(Cl)=C3)C(=O)CC3=CN=CC4=CC=CC=C34)C=C2N1,498.0,ASAP-0028818,Test,498.0,2.6981005456233897,511.944,418.32,2.7100699541595406,2.6225455771245136,openadmet_polaris,2025
329,O=C(CC1=CN=CC2=CC=CC=C12)N1CCCN2N=CC=C2C1,103.0,ASAP-0028833,Test,103.0,2.0170333392987803,105.884,86.52,2.028912698363332,1.9421073089893555,openadmet_polaris,2025
330,O=C(CC1=CN=CC2=CC=CC=C12)N1CCC2=C(Cl)C=CC=C2C1,423.0,ASAP-0028823,Test,423.0,2.6273658565927325,434.844,355.32,2.639331071694112,2.551840199689963,openadmet_polaris,2025
331,C[C@H]1C2=C(CCN1C(=O)CC1=CN=CC3=CC=CC=C13)SC=C2 |o1:1|,273.0,ASAP-0028819,Test,273.0,2.437750562820388,280.644,229.32,2.449700503681978,2.3623316518700257,openadmet_polaris,2025
332,C[C@H]1CCN(C(=O)CC2=CN=CC3=CC=CC=C23)CCO1 |&1:1|,21.7,ASAP-0028872,Test,21.7,1.3560258571931227,22.3076,18.227999999999998,1.3674975562139162,1.2839341134566091,openadmet_polaris,2025
333,C[C@H]1CN(C(=O)CC2=CN=CC3=CC=CC=C23)CCCO1 |&1:1|,18.2,ASAP-0028881,Test,18.2,1.2833012287035497,18.7096,15.287999999999998,1.2946778105018926,1.2118677606566646,openadmet_polaris,2025
334,CC1CCN(C(=O)CC2=CN=CC3=CC=CC=C23)CC1,28.5,ASAP-0028856,Test,28.5,1.469822015978163,29.298000000000002,23.939999999999998,1.481413961253745,1.3968964491425238,openadmet_polaris,2025
335,CC1=NC2=C(CCN(C(=O)CC3=CN=CC4=CC=CC=C34)C2)N1C,13.1,ASAP-0028844,Test,13.1,1.14921911265538,13.4668,11.004,1.1603724774885216,1.079325986752815,openadmet_polaris,2025
336,CC[C@H]1C2=C(CCN1C(=O)CC1=CN=CC3=CC=CC=C13)SC=C2 |o1:2|,754.0,ASAP-0028838,Test,754.0,2.8779469516291885,775.112,633.36,2.889924398413004,2.8023357904398134,openadmet_polaris,2025
337,CC[C@H]1C2=C(CCN1C(=O)CC1=CN=CC3=CC=CC=C13)SC=C2 |o1:2|,753.0,ASAP-0028837,Test,753.0,2.877371345869774,774.0840000000001,632.52,2.889348771873539,2.8017603299574736,openadmet_polaris,2025
338,O=C(CC1=CN=CC2=CC=CC=C12)N(CC1=CC=CC(Cl)=C1)C1=CC=C2C=CNC2=C1,271.0,ASAP-0028002,Test,271.0,2.4345689040341987,278.588,227.64,2.446518527425498,2.359152211446895,openadmet_polaris,2025
339,COC1=CC=C(N(CC2=CC=CC(Cl)=C2)C(=O)CC2=CN=CC(C)=C2)C=C1,216.0,ASAP-0028001,Test,216.0,2.3364597338485296,222.048,181.44,2.3483983334155285,2.261120063568901,openadmet_polaris,2025
340,O=C(CC1=CN=CC2=CC=CC=C12)N1CCC2=C(C=CS2)C1,65.5,ASAP-0027976,Test,65.5,1.8228216453031045,67.334,55.019999999999996,1.8346368433347593,1.7483431044875493,openadmet_polaris,2025
341,O=C(CC1=CN=CC2=CC=CC=C12)N1CCCCCC1,27.8,ASAP-0027997,Test,27.8,1.4593924877592308,28.578400000000002,23.352,1.4709746777756565,1.3865346350904788,openadmet_polaris,2025
342,C[C@H]1CCCN(C(=O)CC2=CN=CC3=CC=CC=C23)C1 |&1:1|,34.3,ASAP-0028004,Test,34.3,1.5477747053878226,35.2604,28.811999999999998,1.5594325906264117,1.474391112558213,openadmet_polaris,2025
343,C[C@H]1CCCCN1C(=O)CC1=CN=CC2=CC=CC=C12 |&1:1|,14.5,ASAP-0028012,Test,14.5,1.1903316981702914,14.906,12.18,1.2015609781167371,1.1199154102579911,openadmet_polaris,2025
344,O=C(CC1=CN=CC2=CC=CC=C12)N1CCC2=C(C1)N=CN2,11.7,ASAP-0027975,Test,11.7,1.1038037209559568,12.0276,9.828,1.1148644155007834,1.0345482470984688,openadmet_polaris,2025
345,COC1=CC=C(N(CC2=CC=CC(Cl)=C2)C(=O)CC2=CC=CN=C2)C=C1,280.0,ASAP-0027924,Test,280.0,2.44870631990508,287.84000000000003,235.2,2.460657336322655,2.373279893277496,openadmet_polaris,2025
346,C[C@H]1CCCCCN1C(=O)CC1=CN=CC2=CC=CC=C12 |&1:1|,88.9,ASAP-0027949,Test,88.9,1.9537596917332287,91.3892,74.676,1.9656212065605931,1.8789581685333012,openadmet_polaris,2025
347,C[C@H]1CCCCN(C(=O)CC2=CN=CC3=CC=CC=C23)C1 |&1:1|,163.0,ASAP-0027969,Test,163.0,2.214843848047698,167.564,136.92,2.226764828469265,2.1396272484806373,openadmet_polaris,2025
348,C[C@H]1CCCN(C(=O)CC2=CN=CC3=CC=CC=C23)CC1 |&1:1|,96.6,ASAP-0027994,Test,96.6,1.9894498176666917,99.3048,81.14399999999999,2.001321716306895,1.9145758469913492,openadmet_polaris,2025
349,CC1=NC2=NC=NN2C(SC2=NN=C(C3=CC=C(Cl)C=C3)N2C)=C1,45.5,ASAP-0023179,Test,45.5,1.667452952889954,46.774,38.22,1.679191605218894,1.5935075893317652,openadmet_polaris,2025
350,CC1=NN=C(SC2=CC(C3=CC=CC=C3)=NC3=NC=NN23)N1C,66.9,ASAP-0022922,Test,66.9,1.8318697742805017,68.7732,56.196000000000005,1.8436886414322442,1.7573656574875884,openadmet_polaris,2025
351,"CCS(=O)(=O)N[C@H]1CN(C2=CN=CC3=CC=CC=C23)C(=O)[C@@]12CN(CC(=O)NC)C(=O)C1=CC=C(Cl)C=C12 |a:6,21|",82.4,ASAP-0021174,Test,82.4,1.9211660506377388,84.70720000000001,69.21600000000001,1.9330173072081984,1.8464360853485344,openadmet_polaris,2025
352,"CNC(=O)CN1C[C@@]2(C(=O)N(C3=CN=CC4=CC=CC=C34)C[C@@H]2NC(C)=O)C2=CC(Cl)=CC=C2C1=O |a:7,22|",80.9,ASAP-0020941,Test,80.9,1.9132839017604184,83.16520000000001,67.956,1.9251325597652358,1.8385720609907898,openadmet_polaris,2025
353,"O=C1C2=CC=C(Cl)C=C2[C@@]2(CN1CC1=CC=NN=C1)C(=O)N(C1=CN=CC3=CC=CC=C13)C[C@@H]2CNC1=NN=CS1 |a:9,33|",33.6,ASAP-0017647,Test,33.6,1.5390760987927767,34.540800000000004,28.224,1.5507271992620577,1.4657396592038603,openadmet_polaris,2025
354,"CNC(=O)CN1C[C@]2(C(=O)N(C3=CN=CC4=CC=CC=C34)C[C@H]2OCC2CC2)C2=CC(Cl)=CC=C2C1=O |&1:7,22|",24.4,ASAP-0017685,Test,24.4,1.404833716619938,25.083199999999998,20.496,1.4163608714574591,1.332357653425112,openadmet_polaris,2025
355,"CCO[C@H]1CN(C2=CN=CC3=CC=CC=C23)C(=O)[C@@]12CN(CC(=O)NC)C(=O)C1=CC=C(Cl)C=C12 |&1:3,18|",18.8,ASAP-0017386,Test,18.8,1.2966651902615312,19.3264,15.792,1.3080604677389458,1.2251024255743441,openadmet_polaris,2025
356,"O=C1C2=CC=C(Cl)C=C2[C@@]2(CN1CC1=NN=CO1)C(=O)N(C1=CN=CC3=CC=CC=C13)C[C@@H]2CNC1=NC=NC=N1 |a:9,32|",43.4,ASAP-0017058,Test,43.4,1.6473829701146199,44.6152,36.455999999999996,1.6591095833696252,1.5735213963525492,openadmet_polaris,2025
357,"COC(=O)N[C@H](C(=O)N1C[C@H](C(F)(F)F)C[C@H]1C(=O)N[C@H](C#N)C[C@@H]1CCNC1=O)C(C)(C)C |a:5,10,16,24,o1:20|",17.0,ASAP-0016973,Test,17.0,1.255272505103306,17.476,14.28,1.2666079535745092,1.1841233542396712,openadmet_polaris,2025
358,"CNC(=O)CN1C[C@@]2(C(=O)N(C3=CN=CC4=CC=CC=C34)C[C@@H]2NCC2CC2)C2=CC(Cl)=CC=C2C1=O |a:7,22|",48.0,ASAP-0016902,Test,48.0,1.6901960800285136,49.344,40.32,1.7019477187394292,1.616160312847583,openadmet_polaris,2025
359,"CNC(=O)CN1C[C@@]2(C(=O)N(C3=CN=CC4=CC=CC=C34)C[C@@H]2NS(C)(=O)=O)C2=CC(Cl)=CC=C2C1=O |a:7,22|",60.5,ASAP-0016838,Test,60.5,1.7888751157754168,62.194,50.82,1.8006758458363294,1.714497408649806,openadmet_polaris,2025
360,"CNC(=O)CN1C[C@@]2(C(=O)N(C3=CN=CC4=CC=CC=C34)C[C@@H]2NC)C2=CC(Cl)=CC=C2C1=O |a:7,22|",10.7,ASAP-0016592,Test,10.7,1.0681858617461617,10.9996,8.988,1.0791667693236147,0.9994785336793102,openadmet_polaris,2025
361,"C[C@H]1CN(CCN2C[C@@]3(C(=O)N(C4=CN=CC5=CC=CC=C45)C[C@@H]3C)C3=CC(Cl)=CC=C3C2=O)C[C@@H](C)O1 |a:1,8,23,35|",314.0,ASAP-0016591,Test,314.0,2.4983105537896004,322.79200000000003,263.76,2.5102661143408396,2.422852372416166,openadmet_polaris,2025
362,"CNC(=O)CN1C[C@@]2(C(=O)N(C3=CN=CC4=CC=CC=C34)C[C@@H]2COCC2CC2)C2=CC(Cl)=CC=C2C1=O |a:7,22|",18.1,ASAP-0016541,Test,18.1,1.2810333672477277,18.606800000000003,15.204,1.2924067188210258,1.2096222345115506,openadmet_polaris,2025
363,"CNC(=O)CN1C[C@@]2(C(=O)N(C3=CN=CC4=CC=CC=C34)C[C@@H]2NC(C)C)C2=CC(Cl)=CC=C2C1=O |a:7,22|",48.2,ASAP-0016543,Test,48.2,1.6919651027673603,49.549600000000005,40.488,1.7037177233596594,1.6179224994252763,openadmet_polaris,2025
364,"O=C1C2=CC=C(Cl)C=C2[C@@]2(CN1CC1=CC=NN=C1)C(=O)N(C1=CN=CC3=CC=CC=C13)C[C@@H]2CNC1=CC=NC=N1 |a:9,33|",21.7,ASAP-0016539,Test,21.7,1.3560258571931227,22.3076,18.227999999999998,1.3674975562139162,1.2839341134566091,openadmet_polaris,2025
365,"C[C@H]1CN(C2=CN=CC3=CC=CC=C23)C(=O)[C@@]12CN(CCN1CCC1)C(=O)C1=CC=C(Cl)C=C12 |a:1,16|",12.3,ASAP-0016542,Test,12.3,1.1238516409670858,12.644400000000001,10.332,1.1349544427235139,1.0543065658483997,openadmet_polaris,2025
366,C=CC(=O)N1CCCC2=CC=C(N(CC3=CC=CC(Cl)=C3)C(=O)CC3=CN=CC4=CC=CC=C34)C=C21,998.0,ASAP-0016094,Test,998.0,2.9995654882259823,1025.944,838.3199999999999,3.0115467618503633,2.9239275719587505,openadmet_polaris,2025
367,"C[C@H]1CN(C2=CN=CC3=CC=CC=C23)C(=O)[C@@]12CN(C1CCNCC1)C(=O)C1=CC=C(Cl)C=C12 |a:1,16|",23.0,ASAP-0015900,Test,23.0,1.380211241711606,23.644000000000002,19.32,1.391711200121372,1.3079237036118816,openadmet_polaris,2025
368,"CC1=NN=C(CN2C[C@@]3(C(=O)N(C4=CN=CC5=CC=CC=C45)C[C@@H]3CNC3=CC=NC=N3)C3=CC(Cl)=CC=C3C2=O)O1 |a:8,23|",105.0,ASAP-0015906,Test,105.0,2.0253058652647704,107.94,88.2,2.0371873709371133,1.9503648543761232,openadmet_polaris,2025
369,"O=C1C2=CC=C(Cl)C=C2[C@@]2(CN1CC1COC1)C(=O)N(C1=CN=CC3=CC=CC=C13)C[C@@H]2CNC1=CC=NC=N1 |a:9,31|",39.0,ASAP-0015904,Test,39.0,1.6020599913279623,40.092,32.76,1.613757279442105,1.5284024379536174,openadmet_polaris,2025
370,"CNCCN1C[C@@]2(C(=O)N(C3=CN=CC4=CC=CC=C34)C[C@@H]2COCC2CC2)C2=CC(Cl)=CC=C2C1=O |a:6,21|",18.0,ASAP-0015773,Test,18.0,1.2787536009528289,18.504,15.12,1.2901236882743068,1.2073650374690719,openadmet_polaris,2025
371,"C[C@H]1CN(CCN2C[C@@]3(C(=O)N(C4=CN=CC5=CC=CC=C45)C[C@@H]3C)C3=CC(Cl)=CC=C3C2=O)[C@@H](C)CO1 |a:1,8,23,34|",823.0,ASAP-0015657,Test,823.0,2.9159272116971158,846.044,691.3199999999999,2.9279059704970405,2.840306877854649,openadmet_polaris,2025
372,"C[C@H]1CN(C2=CN=CC3=CC=CC=C23)C(=O)[C@@]12CN(CCN1C[C@H]3CC[C@H](C1)O3)C(=O)C1=CC=C(Cl)C=C12 |a:1,16,&1:23,&2:26|",1050.0,ASAP-0015666,Test,1050.0,3.021602716028242,1079.4,882.0,3.0335845755154134,2.9459607035775686,openadmet_polaris,2025
373,"CNC(=O)CN1C[C@@]2(C(=O)N(C3=CN=CC4=CC=CC=C34)C[C@@H]2COC2CCC2)C2=CC(Cl)=CC=C2C1=O |a:7,22|",13.0,ASAP-0015648,Test,13.0,1.146128035678238,13.364,10.92,1.1572753964540354,1.0762762554042176,openadmet_polaris,2025
374,"C[C@@H]1CN(CCN2C[C@@]3(C(=O)N(C4=CN=CC5=CC=CC=C45)C[C@@H]3C)C3=CC(Cl)=CC=C3C2=O)[C@H](C)CO1 |a:1,8,23,34|",589.0,ASAP-0015656,Test,589.0,2.7708520116421442,605.492,494.76,2.7828250766308367,2.6952714831416222,openadmet_polaris,2025
375,"C[C@H]1CN(C2=CN=CC3=CC=CC=C23)C(=O)[C@@]12CN(CCN1CC(F)(F)C1)C(=O)C1=CC=C(Cl)C=C12 |a:1,16|",309.0,ASAP-0015660,Test,309.0,2.4913616938342726,317.652,259.56,2.5033166486474805,2.4159077455568165,openadmet_polaris,2025
376,"C[C@H]1CN(CCN2C[C@@]3(C(=O)N(C4=CN=CC5=CC=CC=C45)C[C@@H]3C)C3=CC(Cl)=CC=C3C2=O)C[C@H](C)O1 |a:1,8,23,35|",1090.0,ASAP-0015663,Test,1090.0,3.037824750588342,1120.52,915.6,3.0498070227359193,2.962179852908768,openadmet_polaris,2025
377,"C[C@H]1CN(C2=CN=CC3=CC=CC=C23)C(=O)[C@@]12CN(CCN1C[C@H]3C[C@@H]1CO3)C(=O)C1=CC=C(Cl)C=C12 |a:1,16,23,25|",108.0,ASAP-0015672,Test,108.0,2.037426497940624,111.024,90.72,2.049311075803824,1.9624640460579013,openadmet_polaris,2025
378,"C[C@H]1CN(C2=CN=CC3=CC=CC=C23)C(=O)[C@@]12CN(CCN1C[C@@H]3COC[C@@H]3C1)C(=O)C1=CC=C(Cl)C=C12 |a:1,16,23,27|",321.0,ASAP-0015669,Test,321.0,2.507855871695831,329.988,269.64,2.5198122486752537,2.4323919847799242,openadmet_polaris,2025
379,"C[C@@H]1CN(CCN2C[C@@]3(C(=O)N(C4=CN=CC5=CC=CC=C45)C[C@@H]3C)C3=CC(Cl)=CC=C3C2=O)CCO1 |a:1,8,23|",287.0,ASAP-0015677,Test,287.0,2.459392487759231,295.036,241.07999999999998,2.471344527446347,2.3839589106791115,openadmet_polaris,2025
380,"C[C@@H]1CN(CCN2C[C@@]3(C(=O)N(C4=CN=CC5=CC=CC=C45)C[C@@H]3C)C3=CC(Cl)=CC=C3C2=O)C[C@@H](C)O1 |a:1,8,23,35|",541.0,ASAP-0015679,Test,541.0,2.733999286538387,556.148,454.44,2.7459705758658806,2.658431170803491,openadmet_polaris,2025
381,"C[C@H]1CN(CCN2C[C@@]3(C(=O)N(C4=CN=CC5=CC=CC=C45)C[C@@H]3C)C3=CC(Cl)=CC=C3C2=O)CCO1 |a:1,8,23|",331.0,ASAP-0015514,Test,331.0,2.5211380837040362,340.26800000000003,278.03999999999996,2.5330955672854745,2.445666463252473,openadmet_polaris,2025
382,"C[C@H]1COC[C@@H](C)N1CCN1C[C@@]2(C(=O)N(C3=CN=CC4=CC=CC=C34)C[C@@H]2C)C2=CC(Cl)=CC=C2C1=O |a:1,5,12,27|",484.0,ASAP-0015512,Test,484.0,2.6857417386022635,497.552,406.56,2.697710462818738,2.6101915535686246,openadmet_polaris,2025
383,"C[C@H]1CN(C2=CN=CC3=CC=CC=C23)C(=O)[C@@]12CN(CCN1CCOC(C)(C)C1)C(=O)C1=CC=C(Cl)C=C12 |a:1,16|",870.0,ASAP-0015508,Test,870.0,2.9400181550076634,894.36,730.8,2.9519976884757146,2.8643924051505887,openadmet_polaris,2025
384,"C[C@@H]1COC[C@@H](C)N1CCN1C[C@@]2(C(=O)N(C3=CN=CC4=CC=CC=C34)C[C@@H]2C)C2=CC(Cl)=CC=C2C1=O |a:1,5,12,27|",325.0,ASAP-0015376,Test,325.0,2.513217600067939,334.1,273.0,2.5251744278352715,2.437750562820388,openadmet_polaris,2025
385,"CNC(=O)CN1C[C@@]2(C(=O)N(C3=CN=CC4=CC=CC=C34)C[C@@H]2CNC2=NN=CS2)C2=CC(Cl)=CC=C2C1=O |a:7,22|",41.0,ASAP-0015239,Test,41.0,1.6232492903979006,42.148,34.44,1.6349606700606385,1.549493713215013,openadmet_polaris,2025
386,"CNC(=O)CN1C[C@@]2(C(=O)N(C3=CN=CC4=CC=CC=C34)C[C@@H]2CCl)C2=CC(Cl)=CC=C2C1=O |a:7,22|",52.0,ASAP-0015078,Test,52.0,1.724275869600789,53.456,43.68,1.7360457375965421,1.6501131644435714,openadmet_polaris,2025
387,"CNC(=O)CN1C[C@@]2(C(=O)N(C3=CN=CC4=CC=CC=C34)C[C@@H]2CNC2=NC=NC=N2)C2=CC(Cl)=CC=C2C1=O |a:7,22|",35.0,ASAP-0015108,Test,35.0,1.5563025007672873,35.980000000000004,29.4,1.5679669068231543,1.4828735836087537,openadmet_polaris,2025
388,"C[C@H]1CN(C2=CN=CC3=CC=CC=C23)C(=O)[C@@]12CN(CCN1CCC3(COC3)C1)C(=O)C1=CC=C(Cl)C=C12 |a:1,16|",281.0,ASAP-0015092,Test,281.0,2.450249108319361,288.868,236.04,2.462200274028691,2.3748216384719947,openadmet_polaris,2025
389,"COC[C@H]1CN(C2=CN=CC3=CC=CC=C23)C(=O)[C@@]12CN(CC1=CNC=N1)C(=O)C1=CC=C(Cl)C=C12 |a:3,18|",17.0,ASAP-0014936,Test,17.0,1.255272505103306,17.476,14.28,1.2666079535745092,1.1841233542396712,openadmet_polaris,2025
390,"COC[C@H]1CN(C2=CN=CC3=CC=CC=C23)C(=O)[C@@]12CN(CC1=NC=CN1)C(=O)C1=CC=C(Cl)C=C12 |a:3,18|",114.0,ASAP-0014948,Test,114.0,2.060697840353612,117.19200000000001,95.75999999999999,2.0725880816769116,1.985695859689842,openadmet_polaris,2025
391,"C[C@H]1CN(C2=CN=CC3=CC=CC=C23)C(=O)[C@@]12CN(CC1=CC=NC=N1)C(=O)C1=CC=C(F)C=C12 |a:1,16|",43.0,ASAP-0014794,Test,43.0,1.6434526764861874,44.204,36.12,1.6551768662508926,1.5696079675468244,openadmet_polaris,2025
392,"C[C@H]1CN(C2=CN=CC3=CC=CC=C23)C(=O)[C@@]12CN(CC1=NN(C)N=N1)C(=O)C1=CC=C(F)C=C12 |a:1,16|",16.0,ASAP-0014758,Test,16.0,1.2304489213782739,16.448,13.44,1.2417456525706438,1.1595671932336202,openadmet_polaris,2025
393,"C[C@H]1CN(C2=CN=CC3=CC=CC=C23)C(=O)[C@@]12CN(CC1=NN(C)N=C1)C(=O)C1=CC=C(F)C=C12 |a:1,16|",29.0,ASAP-0014753,Test,29.0,1.4771212547196624,29.812,24.36,1.4887198891891653,1.404149249209695,openadmet_polaris,2025
394,"CC1=NC(CN2C[C@@]3(C(=O)N(C4=CN=CC5=CC=CC=C45)C[C@@H]3C)C3=CC(F)=CC=C3C2=O)=CO1 |a:7,22|",163.0,ASAP-0014750,Test,163.0,2.214843848047698,167.564,136.92,2.226764828469265,2.1396272484806373,openadmet_polaris,2025
395,"CC1=NC(CN2C[C@@]3(C(=O)N(C4=CN=CC5=CC=CC=C45)C[C@@H]3C)C3=CC(F)=CC=C3C2=O)=NO1 |a:7,22|",22.0,ASAP-0014762,Test,22.0,1.3617278360175928,22.616,18.48,1.3732063401429475,1.2895889525425968,openadmet_polaris,2025
396,"C[C@H]1CN(C2=CN=CC3=CC=CC=C23)C(=O)[C@@]12CN(CCN1CCS(=O)(=O)CC1)C(=O)C1=CC=C(Cl)C=C12 |a:1,16|",230.0,ASAP-0014717,Test,230.0,2.3636119798921444,236.44,193.2,2.375553883598933,2.288249225571986,openadmet_polaris,2025
397,"C[C@H]1CN(C2=CN=CC3=CC=CC=C23)C(=O)[C@@]12CN(CC1=NOC=C1)C(=O)C1=CC=C(F)C=C12 |a:1,16|",53.0,ASAP-0014764,Test,53.0,1.7323937598229686,54.484,44.519999999999996,1.7441677630592691,1.6582022533870147,openadmet_polaris,2025
398,"C[C@H]1CN(C2=CN=CC3=CC=CC=C23)C(=O)[C@@]12CN(CC1=NN(C)C=C1)C(=O)C1=CC=C(F)C=C12 |a:1,16|",85.0,ASAP-0014770,Test,85.0,1.9344984512435677,87.38,71.39999999999999,1.9463539972262744,1.8597385661971468,openadmet_polaris,2025
399,"C[C@H]1CN(C2=CN=CC3=CC=CC=C23)C(=O)[C@@]12CN(CC1=CN(C)N=C1)C(=O)C1=CC=C(F)C=C12 |a:1,16|",48.0,ASAP-0014773,Test,48.0,1.6901960800285136,49.344,40.32,1.7019477187394292,1.616160312847583,openadmet_polaris,2025
400,"COC[C@H]1CN(C2=CN=CC3=CC=CC=C23)C(=O)[C@@]12CN(CC1=CC=NN1)C(=O)C1=CC=C(Cl)C=C12 |a:3,18|",156.0,ASAP-0014789,Test,156.0,2.1958996524092336,160.368,131.04,2.207817416375577,2.120705515658274,openadmet_polaris,2025
401,"C[C@H]1CN(C2=CN=CC3=CC=CC=C23)C(=O)[C@@]12CN(CCN1CCCC1=O)C(=O)C1=CC=C(Cl)C=C12 |a:1,16|",406.0,ASAP-0014632,Test,406.0,2.60959440922522,417.368,341.03999999999996,2.621558458949805,2.5340768977621635,openadmet_polaris,2025
402,"CC1=NC=C(CN2C[C@@]3(C(=O)N(C4=CN=CC5=CC=CC=C45)C[C@@H]3C)C3=CC(F)=CC=C3C2=O)O1 |a:8,23|",143.0,ASAP-0014619,Test,143.0,2.1583624920952498,147.004,120.11999999999999,2.1702734529250427,2.0832158621559973,openadmet_polaris,2025
