,CXSMILES,HLM,Molecule Name,Set,hlm_value_unscaled,hlm_value_unscaled_log10_nan,hlm_value_unscaled_log10_epsilon,hlm_value_scaled,hlm_value_scaled_log10_nan,hlm_value_scaled_log10_epsilon,dataset,data_year
0,CN(C1=CC=C2CNCC2=C1)[C@H](C(=O)NCC(F)F)C1=CC(Cl)=CC(C2CC2)=C1 |&1:11|,17.1,ASAP-0031351,Train,17.1,1.2329961103921538,1.2329961103921538,17.5788,1.2449892250514107,1.2449892250514107,openadmet_polaris,2025
1,N#CC1=CC2=C(C=C1NC(=O)C1=CC(F)=CC3=C1C=NN3)CNC2,16.7,ASAP-0031265,Train,16.7,1.2227164711475833,1.2227164711475833,17.1676,1.2347095858068402,1.2347095858068402,openadmet_polaris,2025
2,O=C(NC1=CC=C2CNCC2=C1)C1=CC(F)=CC(C2=CNN=C2)=C1,36.3,ASAP-0031004,Train,36.3,1.5599066250361124,1.5599066250361124,37.316399999999994,1.5718997396953693,1.5718997396953693,openadmet_polaris,2025
3,COCCNC(=O)[C@H](NC1=CC=C2CNCC2=C1)C1=CC(Cl)=CC(C2CC2)=C1 |o1:7|,19.7,ASAP-0030761,Train,19.7,1.294466226161593,1.294466226161593,20.2516,1.3064593408208498,1.3064593408208498,openadmet_polaris,2025
4,O=C(NC1=CC(Br)=C2CNCC2=C1)C1=CC(F)=CC2=C1C=NN2,13.6,ASAP-0030792,Train,13.6,1.1335389083702174,1.1335389083702174,13.9808,1.1455320230294745,1.1455320230294745,openadmet_polaris,2025
5,CC(C)NC(=O)[C@H](NC1=CC=C2CNCC2=C1)C1=CC(Cl)=CC2=C1N=C(C1=CC=CC=C1)N2 |&1:6|,23.2,ASAP-0030826,Train,23.2,1.3654879848908996,1.3654879848908996,23.8496,1.3774810995501565,1.3774810995501565,openadmet_polaris,2025
6,O=C(NC1=CC2=C(C=C1Br)CNC2)C1=CC(F)=CC2=C1C=NN2,11.4,ASAP-0030085,Train,11.4,1.0569048513364727,1.0569048513364727,11.7192,1.0688979659957296,1.0688979659957296,openadmet_polaris,2025
7,O=C(NC1=CC=C2CNCC2=C1)C1=CC=CC2=C1C=C(C(F)(F)F)N2,14.1,ASAP-0030028,Train,14.1,1.14921911265538,1.14921911265538,14.4948,1.1612122273146368,1.1612122273146368,openadmet_polaris,2025
8,CC1=C(C(=O)NC2=CC([C@H]3CCOC3)=CC=N2)C=C(C2CC2)N1C |&1:9|,57.7,ASAP-0029521,Train,57.7,1.7611758131557314,1.7611758131557314,59.3156,1.7731689278149885,1.7731689278149885,openadmet_polaris,2025
9,O=C(NC1=CC=C2CNCC2=C1)C1=CC(Br)=CC2=C1N=C(C1=CC=CC=C1)N2,12.8,ASAP-0029352,Train,12.8,1.1072099696478683,1.1072099696478683,13.1584,1.1192030843071252,1.1192030843071252,openadmet_polaris,2025
10,N#C[C@H](NC1=CC=C2CNCC2=C1)C1=CC(Cl)=CC2=C1C=NN2 |&1:2|,10.3,ASAP-0028904,Train,10.3,1.0128372247051722,1.0128372247051722,10.588400000000002,1.0248303393644291,1.0248303393644291,openadmet_polaris,2025
11,"O=C(NC1=CC(Cl)=CC([C@H]2CN(CC3=CC=CC=C3)C[C@@H]2C2=CC=CC(C3=NNN=N3)=C2)=C1)OCC1=CC=CC=C1 |&1:9,20|",46.3,ASAP-0027928,Train,46.3,1.665580991017953,1.665580991017953,47.596399999999996,1.67757410567721,1.67757410567721,openadmet_polaris,2025
12,C=CC[C@H](NC1=CC=C(C2=NNN=N2)C=C1)C1=CC(Cl)=CC(NC(=O)OCC2=CC=CC=C2)=C1 |&1:3|,10.1,ASAP-0027983,Train,10.1,1.0043213737826426,1.0043213737826426,10.3828,1.0163144884418995,1.0163144884418995,openadmet_polaris,2025
13,CCN1C(C)=NN=C1SC1=CC(C)=NC2=NC=NN12,16.5,ASAP-0027872,Train,16.5,1.2174839442139063,1.2174839442139063,16.962,1.2294770588731632,1.2294770588731632,openadmet_polaris,2025
14,CC1=NC2=NC=NN2C(SC2=NN=C(C)O2)=C1,182.0,ASAP-0027864,Train,182.0,2.2600713879850747,2.2600713879850747,187.096,2.272064502644332,2.272064502644332,openadmet_polaris,2025
15,COC1=CC=C(C2=NN=C(SC3=CC(C)=NC4=NC=NN34)O2)C=C1,141.0,ASAP-0027845,Train,141.0,2.1492191126553797,2.1492191126553797,144.948,2.161212227314637,2.161212227314637,openadmet_polaris,2025
16,C=CC[C@H](NC1=CC=CC(C2=NNN=N2)=C1)C1=CC(Cl)=CC(NC(=O)OCC2=CC=CC=C2)=C1 |&1:3|,65.5,ASAP-0027823,Train,65.5,1.816241299991783,1.816241299991783,67.334,1.82823441465104,1.82823441465104,openadmet_polaris,2025
17,C1=CC=C(C2=NC3=NC=NN3C(SC3=NN=C(N4CCOCC4)S3)=C2)C=C1,290.0,ASAP-0027763,Train,290.0,2.462397997898956,2.462397997898956,298.12,2.474391112558213,2.474391112558213,openadmet_polaris,2025
18,N#C[C@H](NC1=CC=CC(C2=NNN=N2)=C1)C1=CC(Cl)=CC(NC(=O)OCC2=CC=CC=C2)=C1 |&1:2|,13.6,ASAP-0027741,Train,13.6,1.1335389083702174,1.1335389083702174,13.9808,1.1455320230294745,1.1455320230294745,openadmet_polaris,2025
19,N#C[C@H](NC1=CC=CC(C(=O)O)=C1)C1=CC(Cl)=CC2=C1C=NN2 |&1:2|,12.0,ASAP-0027804,Train,12.0,1.0791812460476249,1.0791812460476249,12.336,1.0911743607068818,1.0911743607068818,openadmet_polaris,2025
20,CNCC1=NC2=NC=NN2C(SC2=NN=C(C3=CC=C(Cl)C=C3)N2C)=C1,0.0,ASAP-0027762,Train,0.0,,-1.0,0.0,,-1.0,openadmet_polaris,2025
21,CNC(=O)[C@H](NC1=CC(Cl)=CC(NC(=O)OCC2=CC=CC=C2)=C1)C1=CC=CC(C2=NNN=N2)=C1 |&1:4|,21.3,ASAP-0027759,Train,21.3,1.3283796034387378,1.3283796034387378,21.8964,1.3403727180979947,1.3403727180979947,openadmet_polaris,2025
22,C1=CC=C(C2=NC3=NN=CN3C(SC3=NC(C4=CC=CC=N4)=NO3)=C2)C=C1,0.0,ASAP-0027553,Train,0.0,,-1.0,0.0,,-1.0,openadmet_polaris,2025
23,CCN1C(C)=NN=C1SC1=CC(C2=CC=CC=C2)=NC2=NC=NN12,35.1,ASAP-0023327,Train,35.1,1.545307116465824,1.545307116465824,36.0828,1.557300231125081,1.557300231125081,openadmet_polaris,2025
24,ClC1=CC=C(C2=CN=C(SC3=CC(C4=CC=CC=C4)=NC4=NN=CN34)O2)C=C1,25.2,ASAP-0023517,Train,25.2,1.4014005407815442,1.4014005407815442,25.9056,1.413393655440801,1.413393655440801,openadmet_polaris,2025
25,O=C(NC1=CC(Cl)=CC(C(=O)NC2=CC=CC(N3N=NNC3=O)=C2)=C1)OCC1=CC=CC=C1,11.2,ASAP-0023274,Train,11.2,1.0492180226701815,1.0492180226701815,11.5136,1.0612111373294386,1.0612111373294386,openadmet_polaris,2025
26,"O=C(N[C@H]1[C@H]2CCCCC[C@H]2[C@H]1C(=O)NC1=CC=CC(C2CCNCC2)=C1)OCC1=CC=CC=C1 |&1:3,4,10,11|",31.3,ASAP-0023249,Train,31.3,1.4955443375464486,1.4955443375464486,32.1764,1.5075374522057055,1.5075374522057055,openadmet_polaris,2025
27,CC[C@H](CC1=NN=NN1)C1=CC=C(NC(=O)C2=CC(Cl)=CC(NC(=O)OCC3=CC=CC=C3)=C2)C=C1 |&1:2|,24.9,ASAP-0023266,Train,24.9,1.3961993470957363,1.3961993470957363,25.5972,1.4081924617549932,1.4081924617549932,openadmet_polaris,2025
28,CN1C(SC2=CC(C3=CC=CC=C3)=NC3=NC=NN23)=NN=C1C1=CC=NC=C1,174.0,ASAP-0022872,Train,174.0,2.2405492482826,2.2405492482826,178.872,2.2525423629418566,2.2525423629418566,openadmet_polaris,2025
29,C1=CC=C(C2=NC3=NC=NN3C(SC3=NC=CO3)=C2)C=C1,332.0,ASAP-0022831,Train,332.0,2.5211380837040362,2.5211380837040362,341.296,2.5331311983632934,2.5331311983632934,openadmet_polaris,2025
30,CC(C)COC1=NOC2=CC(OCCCC3=CC(C(=O)N(C)C)=NO3)=CC=C12,41.1,ASAP-0022679,Train,41.1,1.6138418218760693,1.6138418218760693,42.250800000000005,1.6258349365353262,1.6258349365353262,openadmet_polaris,2025
31,CC(C)COC1=CC=C2C(OCCCC3=CC(C(=O)N(C)C)=NO3)=NOC2=C1,95.1,ASAP-0022579,Train,95.1,1.9781805169374138,1.9781805169374138,97.7628,1.990173631596671,1.990173631596671,openadmet_polaris,2025
32,CC1=CC=C(C2=NN=C(SC3=CC(C4=CC=CC=C4)=NC4=NC=NN34)N2C)C=C1,238.0,ASAP-0022881,Train,238.0,2.376576957056512,2.376576957056512,244.66400000000002,2.388570071715769,2.388570071715769,openadmet_polaris,2025
33,CN(C)C(=O)C1=NOC(CCCOC2=CC=C3C(OCC4CC4)=NOC3=C2)=C1,35.5,ASAP-0021312,Train,35.5,1.550228353055094,1.550228353055094,36.494,1.562221467714351,1.562221467714351,openadmet_polaris,2025
34,CCOC1=NOC2=CC(OCCCC3=CC(C(=O)N(C)C)=NO3)=CC=C12,31.2,ASAP-0021658,Train,31.2,1.4941545940184429,1.4941545940184429,32.0736,1.5061477086776998,1.5061477086776998,openadmet_polaris,2025
35,CCOC1=NOC2=C(C)C(OCCCC3=CC(C(=O)N(C)C)=NO3)=CC=C12,97.1,ASAP-0021134,Train,97.1,1.987219229908005,1.987219229908005,99.8188,1.9992123445672618,1.9992123445672618,openadmet_polaris,2025
36,CCOC1=NOC2=CC(OCCCC3=CC(C(=O)N(C)C)=NO3)=C(C)C=C12,46.4,ASAP-0021262,Train,46.4,1.6665179805548809,1.6665179805548809,47.6992,1.6785110952141378,1.6785110952141378,openadmet_polaris,2025
37,C#CCCC1=CC=C(OCCCC2=CC(C(=O)N(C)C)=NO2)C=C1,60.4,ASAP-0021070,Train,60.4,1.7810369386211318,1.7810369386211318,62.0912,1.7930300532803887,1.7930300532803887,openadmet_polaris,2025
38,"NCC1=CC=CC([C@H]2C[C@@H]2C2=CC(Cl)=CC(NC(=O)OCC3=CC=CC=C3)=C2)=C1 |&1:7,9|",11.4,ASAP-0021039,Train,11.4,1.0569048513364727,1.0569048513364727,11.7192,1.0688979659957296,1.0688979659957296,openadmet_polaris,2025
39,NCC1=CC=CC(NC(=O)C2=CC(Cl)=CC(CN)=C2)=C1,21.0,ASAP-0020849,Train,21.0,1.3222192947339193,1.3222192947339193,21.588,1.3342124093931762,1.3342124093931762,openadmet_polaris,2025
40,CN(C)C(=O)C1=NOC(CCCOC2=CC=CC(F)=C2)=C1,46.6,ASAP-0020936,Train,46.6,1.6683859166900001,1.6683859166900001,47.9048,1.680379031349257,1.680379031349257,openadmet_polaris,2025
41,O=C1NC(=O)[C@H](CC2=NC3=C(COCC3)S2)C2=CC=CC=C12 |&1:5|,20.3,ASAP-0020930,Train,20.3,1.307496037913213,1.307496037913213,20.8684,1.31948915257247,1.31948915257247,openadmet_polaris,2025
42,CC1=CC(C2=NOC(C(F)(F)F)=N2)=CC=C1COCCC1=CC(C(=O)N(C)C)=NO1,36.5,ASAP-0020875,Train,36.5,1.5622928644564746,1.5622928644564746,37.522,1.5742859791157315,1.5742859791157315,openadmet_polaris,2025
43,C#CCCCCC1=CC=C(OCCCC2=CC(C(=O)N(C)C)=NO2)C=C1,79.9,ASAP-0020904,Train,79.9,1.9025467793139914,1.9025467793139914,82.1372,1.9145398939732483,1.9145398939732483,openadmet_polaris,2025
44,CN(C)C(=O)C1=NOC(CCCOC2=CC=C(F)C=C2)=C1,42.6,ASAP-0020843,Train,42.6,1.6294095991027189,1.6294095991027189,43.7928,1.6414027137619758,1.6414027137619758,openadmet_polaris,2025
45,CC1=CC(C2=NOC(C(F)(F)F)=N2)=CC=C1OCCCC1=NC(C2=CC=NC=C2)=NO1,19.6,ASAP-0020827,Train,19.6,1.2922560713564761,1.2922560713564761,20.1488,1.304249186015733,1.304249186015733,openadmet_polaris,2025
46,CN(C)C(=O)C1=NOC(CCCOC2=CC=C(C3=NOC(C4CC4)=N3)C=C2)=C1,29.8,ASAP-0020873,Train,29.8,1.4742162640762553,1.4742162640762553,30.634400000000003,1.4862093787355122,1.4862093787355122,openadmet_polaris,2025
47,O=C(NC1=CC(Cl)=CC(C(=O)NC2=CC=C3CNCC3=C2)=C1)OCC1=CC=CC=C1,12.7,ASAP-0020915,Train,12.7,1.1038037209559568,1.1038037209559568,13.0556,1.1157968356152137,1.1157968356152137,openadmet_polaris,2025
48,O=C(O)C1=CC(Cl)=CC=C1S(=O)(=O)NC1CCN(C2=NC(C3CC3)=CC(C(F)(F)F)=N2)CC1,26.3,ASAP-0017673,Train,26.3,1.4199557484897578,1.4199557484897578,27.0364,1.4319488631490147,1.4319488631490147,openadmet_polaris,2025
49,CN(C)C(=O)C1=NOC(CCCN2C=CC3=CC(C4=NOC(C(F)(F)F)=N4)=CC=C32)=C1,28.9,ASAP-0017622,Train,28.9,1.4608978427565478,1.4608978427565478,29.7092,1.4728909574158047,1.4728909574158047,openadmet_polaris,2025
50,CN(C)C(=O)C1=NOC(CCCN2C=CC3=NC(C4=NOC(C(F)(F)F)=N4)=CC=C32)=C1,51.3,ASAP-0017652,Train,51.3,1.7101173651118162,1.7101173651118162,52.736399999999996,1.7221104797710731,1.7221104797710731,openadmet_polaris,2025
51,NCCC1=CC=C(NC(=O)C2=CC(Cl)=CC(NC(=O)OCC3=CC=CC=C3)=C2)C=C1,17.5,ASAP-0017692,Train,17.5,1.2430380486862944,1.2430380486862944,17.990000000000002,1.2550311633455513,1.2550311633455513,openadmet_polaris,2025
52,CC1=CC(OCC2=CC=CC=C2)=CC=C1NS(=O)(=O)C1=CC=C(Cl)C=C1C(=O)O,22.3,ASAP-0017520,Train,22.3,1.3483048630481607,1.3483048630481607,22.924400000000002,1.3602979777074176,1.3602979777074176,openadmet_polaris,2025
53,CCOC1=CC=CC(C2=CC=C(S(=O)(=O)NC3=CC=C(Cl)C=C3C(=O)O)C=C2)=C1,119.0,ASAP-0017501,Train,119.0,2.0755469613925306,2.0755469613925306,122.33200000000001,2.0875400760517877,2.0875400760517877,openadmet_polaris,2025
54,O=C(O)C1=CC(Cl)=CC=C1NS(=O)(=O)C1=CC=C(C2=CC=CC=C2Cl)C=C1,343.0,ASAP-0017573,Train,343.0,2.5352941200427703,2.5352941200427703,352.604,2.5472872347020274,2.5472872347020274,openadmet_polaris,2025
55,O=C(O)C1=CC(Cl)=C(F)C=C1S(=O)(=O)NC1=CC=C(OC2=CC=CC=C2Cl)C=C1,67.4,ASAP-0017585,Train,67.4,1.8286598965353198,1.8286598965353198,69.28720000000001,1.840653011194577,1.840653011194577,openadmet_polaris,2025
56,NCC1=CC=CC(NC(=O)C[C@H](NC(=O)OCC2=CC=CC=C2)C2=CC=C(OCC3=CC=CC=C3)C(Br)=C2)=C1 |&1:11|,12.4,ASAP-0017583,Train,12.4,1.0934216851622351,1.0934216851622351,12.747200000000001,1.105414799821492,1.105414799821492,openadmet_polaris,2025
57,CCOC1=NOC2=CC(OCCC3CCN(C4=CC=C(C)N=N4)CC3)=CC=C12,41.7,ASAP-0017436,Train,41.7,1.6201360549737576,1.6201360549737576,42.8676,1.6321291696330145,1.6321291696330145,openadmet_polaris,2025
58,CC1=CC(C2=NOC(C(F)(F)F)=N2)=CC=C1OCCCC1=NC2=CC=CC=C2N1,11.0,ASAP-0017442,Train,11.0,1.0413926851582251,1.0413926851582251,11.308,1.053385799817482,1.053385799817482,openadmet_polaris,2025
59,COC1=CC=C2NC(CCCOC3=CC=C(C4=NOC(C(F)(F)F)=N4)C=C3C)=NC2=N1,30.5,ASAP-0017444,Train,30.5,1.4842998393467859,1.4842998393467859,31.354,1.4962929540060428,1.4962929540060428,openadmet_polaris,2025
60,CC1=CC(C2=NOC(C(F)(F)F)=N2)=CC=C1OCCCC1=NC(C2=CC=CN=C2)=NO1,16.6,ASAP-0017438,Train,16.6,1.2201080880400552,1.2201080880400552,17.0648,1.2321012026993121,1.2321012026993121,openadmet_polaris,2025
61,CN(C)C(=O)C1=NOC(CCCOC2=CC=C3CCCCC3=C2F)=C1,166.0,ASAP-0017437,Train,166.0,2.220108088040055,2.220108088040055,170.648,2.232101202699312,2.232101202699312,openadmet_polaris,2025
62,CCOC(=O)C1=CC=C(OCCC2CCN(C3=CC=C(C)N=N3)CC2)C=C1,708.0,ASAP-0017441,Train,708.0,2.850033257689769,2.850033257689769,727.8240000000001,2.862026372349026,2.862026372349026,openadmet_polaris,2025
63,CC1=NN=C(CCCOC2=CC=C(C3=NOC(C(F)(F)F)=N3)C=C2C)O1,16.6,ASAP-0017292,Train,16.6,1.2201080880400552,1.2201080880400552,17.0648,1.2321012026993121,1.2321012026993121,openadmet_polaris,2025
64,CC1=CC(C2=NOC(C(F)(F)F)=N2)=CC=C1OCCCC1=CC=CC=N1,10.7,ASAP-0017304,Train,10.7,1.0293837776852097,1.0293837776852097,10.9996,1.0413768923444666,1.0413768923444666,openadmet_polaris,2025
65,CN(C)C(=O)C1=NOC(CCCN2N=CC3=CC(C4=NOC(C(F)(F)F)=N4)=CC=C32)=C1,14.7,ASAP-0017297,Train,14.7,1.167317334748176,1.167317334748176,15.1116,1.179310449407433,1.179310449407433,openadmet_polaris,2025
66,CC1=CC(C2=NOC(C(F)(F)F)=N2)=CC=C1OCCCC1=CC=CN=C1,14.9,ASAP-0017287,Train,14.9,1.173186268412274,1.173186268412274,15.317200000000001,1.185179383071531,1.185179383071531,openadmet_polaris,2025
67,CC1=CC(C2=NOC(C(F)(F)F)=N2)=CC=C1OCCCC1=CSN=N1,27.5,ASAP-0017295,Train,27.5,1.4393326938302626,1.4393326938302626,28.27,1.4513258084895195,1.4513258084895195,openadmet_polaris,2025
68,CC1=CC(C2=NOC(C(F)(F)F)=N2)=CC=C1OCCCC1=CN=CO1,10.5,ASAP-0017294,Train,10.5,1.021189299069938,1.021189299069938,10.794,1.033182413729195,1.033182413729195,openadmet_polaris,2025
69,CC1=CC=NC=C1CCCOC1=CC=C(C2=NOC(C(F)(F)F)=N2)C=C1C,13.1,ASAP-0017306,Train,13.1,1.1172712956557642,1.1172712956557642,13.4668,1.1292644103150211,1.1292644103150211,openadmet_polaris,2025
70,CC1=CC(C2=NOC(C(F)(F)F)=N2)=CC=C1OCCCC1=CC=NC=C1,10.9,ASAP-0017290,Train,10.9,1.0374264979406236,1.0374264979406236,11.205200000000001,1.0494196125998807,1.0494196125998807,openadmet_polaris,2025
71,CC1=CC(C2=NOC(C(F)(F)F)=N2)=CC=C1OCCCC1=CC(C(=O)N(C)C)=NO1,11.0,ASAP-0017288,Train,11.0,1.0413926851582251,1.0413926851582251,11.308,1.053385799817482,1.053385799817482,openadmet_polaris,2025
72,CC1=NC(C2=CC=C(OCCCCCN3CCN(C4=CC=NC(N)=C4)C3=O)C=C2)=NO1,32.8,ASAP-0017296,Train,32.8,1.515873843711679,1.515873843711679,33.718399999999995,1.527866958370936,1.527866958370936,openadmet_polaris,2025
73,CC1=CC(C2=NOC(C(F)(F)F)=N2)=CC=C1OCCCC1=CN(C)N=C1,18.1,ASAP-0017289,Train,18.1,1.2576785748691846,1.2576785748691846,18.606800000000003,1.2696716895284414,1.2696716895284414,openadmet_polaris,2025
74,CC1=CC(C2=NOC(C(F)(F)F)=N2)=CC=C1OCCCC1=CC(C(=O)N2CCOCC2)=NO1,18.5,ASAP-0017308,Train,18.5,1.2671717284030137,1.2671717284030137,19.018,1.2791648430622709,1.2791648430622709,openadmet_polaris,2025
75,CCON=CC1=CC=C(OCCC2CCN(C3=CC=C(C)N=N3)CC2)C=C1,17.7,ASAP-0017298,Train,17.7,1.2479732663618066,1.2479732663618066,18.1956,1.2599663810210635,1.2599663810210635,openadmet_polaris,2025
76,CC1=CC(C2=NOC(C(F)(F)F)=N2)=CC=C1CCOCC1=CC(C(=O)N(C)C)=NO1,48.4,ASAP-0017309,Train,48.4,1.6848453616444126,1.6848453616444126,49.7552,1.6968384763036695,1.6968384763036695,openadmet_polaris,2025
77,O=C1NC(=O)[C@@H](CC2=CC=C3OCOC3=C2)C2=CC=CC=C12 |a:5|,32.4,ASAP-0017037,Train,32.4,1.510545010206612,1.510545010206612,33.3072,1.5225381248658691,1.5225381248658691,openadmet_polaris,2025
78,CC(C)CNC(=O)C1=CC(Cl)=C(F)C=C1NS(=O)(=O)C1=CC=C(OC2=CC=CC=C2Cl)C=C1,198.0,ASAP-0016818,Train,198.0,2.296665190261531,2.296665190261531,203.544,2.308658304920788,2.308658304920788,openadmet_polaris,2025
79,O=C(NCC(F)(F)F)C1=CC(Cl)=C(F)C=C1NS(=O)(=O)C1=CC=C(OC2=CC=CC=C2Cl)C=C1,70.0,ASAP-0016843,Train,70.0,1.845098040014257,1.845098040014257,71.96000000000001,1.8570911546735138,1.8570911546735138,openadmet_polaris,2025
80,NCC1=CC=CC(NC(=O)C2=CC(OCC3=CC=CC=C3)=CC=C2CNC(=O)OCC2=CC=CC=C2)=C1,21.0,ASAP-0016784,Train,21.0,1.3222192947339193,1.3222192947339193,21.588,1.3342124093931762,1.3342124093931762,openadmet_polaris,2025
81,NCC1=CC=CC(NC(=O)CN(C(=O)OCC2=CC=CC=C2)C2=CC=C(OCC3=CC=CC=C3)C=C2)=C1,11.0,ASAP-0016778,Train,11.0,1.0413926851582251,1.0413926851582251,11.308,1.053385799817482,1.053385799817482,openadmet_polaris,2025
82,CC1=CC(C2=CC=C([C@H](NC(=O)OCC3=CC=CC=C3)C(=O)NC3=CC=CC(CN)=C3)C=C2)=CS1 |&1:8|,29.5,ASAP-0016768,Train,29.5,1.469822015978163,1.469822015978163,30.326,1.4818151306374199,1.4818151306374199,openadmet_polaris,2025
83,O=C1NC(=O)[C@H](CC2=CC=CC(Cl)=C2)C2=CC=CC=C12 |&1:5|,170.0,ASAP-0016664,Train,170.0,2.230448921378274,2.230448921378274,174.76,2.242442036037531,2.242442036037531,openadmet_polaris,2025
84,NCC1=CC=CC(NC(=O)C[C@H](NC(=O)OCC2=CC=CC=C2)C2=CC=C(OCC3=CC=CC=C3)C=C2)=C1 |&1:11|,17.0,ASAP-0016554,Train,17.0,1.2304489213782739,1.2304489213782739,17.476,1.2424420360375308,1.2424420360375308,openadmet_polaris,2025
85,CC1=CC(NC(=O)NC2=CNC(=O)C3=CC=C(F)C=C23)=NO1,12.5,ASAP-0016445,Train,12.5,1.0969100130080565,1.0969100130080565,12.85,1.1089031276673134,1.1089031276673134,openadmet_polaris,2025
86,O=C1C2=CC=CC=C2[C@H](CC2=CC=C(O)C=C2)C(=O)N1CC1=CC=C2OCOC2=C1 |&1:8|,421.0,ASAP-0016345,Train,421.0,2.6242820958356683,2.6242820958356683,432.788,2.6362752104949254,2.6362752104949254,openadmet_polaris,2025
87,NCC1=CC=CC(CNC(=O)[C@H](NC(=O)OCC2=CC=CC=C2)C2=CC=C(OCC3=CC=CC=C3)C=C2)=C1 |&1:11|,3.89,ASAP-0016386,Train,3.89,0.5899496013257077,0.5899496013257077,3.99892,0.6019427159849646,0.6019427159849646,openadmet_polaris,2025
88,NCC1=CC=CC(NC(=O)[C@H](NC(=O)OCC2=CC=CC=C2)C(C2CCC2)C2CCC2)=C1 |&1:10|,12.6,ASAP-0016242,Train,12.6,1.100370545117563,1.100370545117563,12.9528,1.1123636597768198,1.1123636597768198,openadmet_polaris,2025
89,C1=CC=C2SC(C3CCN(CC4=CNC5=CC=CC=C45)CC3)=NC2=C1,38.1,ASAP-0016236,Train,38.1,1.5809249756756194,1.5809249756756194,39.1668,1.5929180903348763,1.5929180903348763,openadmet_polaris,2025
90,O=C(NCC1=CC=CC=N1)NC1=CNC(=O)C2=CC(Cl)=CC=C12,11.4,ASAP-0016130,Train,11.4,1.0569048513364727,1.0569048513364727,11.7192,1.0688979659957296,1.0688979659957296,openadmet_polaris,2025
91,NCC1=CC=CC(NC(=O)[C@H](NC(=O)OCC2=CC=CC=C2)C2CCCCC2)=C1 |&1:10|,5.29,ASAP-0016121,Train,5.29,0.7234556720351858,0.7234556720351858,5.4381200000000005,0.7354487866944427,0.7354487866944427,openadmet_polaris,2025
92,CC1=NOC(CCCOC2=C(C)C=C(C3=NOC(C(F)(F)F)=N3)C=C2C)=C1,11.6,ASAP-0016304,Train,11.6,1.0644579892269184,1.0644579892269184,11.9248,1.0764511038861755,1.0764511038861755,openadmet_polaris,2025
93,COC1=CC=CC=C1NC(=O)NC1=CNC(=O)C2=CC=CC=C12,16.5,ASAP-0015912,Train,16.5,1.2174839442139063,1.2174839442139063,16.962,1.2294770588731632,1.2294770588731632,openadmet_polaris,2025
94,CNC(=O)C1=CC(Cl)=C(F)C=C1NS(=O)(=O)C1=CC=C(OC2=CC=CC=C2Cl)C=C1,71.3,ASAP-0015925,Train,71.3,1.8530895298518655,1.8530895298518655,73.2964,1.8650826445111226,1.8650826445111226,openadmet_polaris,2025
95,"C[C@H](C(=O)O)[C@@H](NC(=O)C1=NC=NC2=C1C=CN2)C1=CC=C(Br)C=C1 |o1:1,5|",3.0,ASAP-0014722,Train,3.0,0.47712125471966244,0.47712125471966244,3.084,0.4891143693789194,0.4891143693789194,openadmet_polaris,2025
96,"CCCC[C@H](NC(=O)OC(C)(C)C)C(=O)N[C@H](C(=O)NCC1=CC=C(CN)C=C1)C1=CC=C(OCC2=CC=CC=C2)C=C1 |&1:4,&2:16|",56.0,ASAP-0015892,Train,56.0,1.7481880270062005,1.7481880270062005,57.568,1.7601811416654574,1.7601811416654574,openadmet_polaris,2025
97,O=C(O)C1=CC(Cl)=CC=C1NS(=O)(=O)C1=CC=C(OC2=CC=CC=C2Cl)C=C1,155.0,ASAP-0015682,Train,155.0,2.1903316981702914,2.1903316981702914,159.34,2.2023248128295485,2.2023248128295485,openadmet_polaris,2025
98,COC1=CC=C([C@H](CC2=NN=NN2)NC(=O)C2=NC=NC3=C2C=CN3)C=C1 |o1:6|,2.0,ASAP-0015381,Train,2.0,0.3010299956639812,0.3010299956639812,2.056,0.31302311032323815,0.31302311032323815,openadmet_polaris,2025
99,C1=CC=C2C(CN3CCC(C4=CNC5=CC=CN=C45)CC3)=CNC2=C1,16.0,ASAP-0015396,Train,16.0,1.2041199826559248,1.2041199826559248,16.448,1.2161130973151817,1.2161130973151817,openadmet_polaris,2025
100,COC1=CC(CC2=C(C)ON=C2C2=CC=C(F)C=C2)=NC(N2CCNCC2)=N1,15.0,ASAP-0015355,Train,15.0,1.1760912590556813,1.1760912590556813,15.42,1.1880843737149382,1.1880843737149382,openadmet_polaris,2025
101,NCC1=CC=CC(NC(=O)[C@@H](NC(=O)OCC2=CC=CC=C2)C2=CC=C(OCC3=CC=CC=C3)C=C2)=C1 |a:10|,11.0,ASAP-0015367,Train,11.0,1.0413926851582251,1.0413926851582251,11.308,1.053385799817482,1.053385799817482,openadmet_polaris,2025
102,NC1=NN=C2C=CC(C3=CC=C4NC(=O)CNC4=C3)=CN12,15.6,ASAP-0015169,Train,15.6,1.1931245983544616,1.1931245983544616,16.0368,1.2051177130137185,1.2051177130137185,openadmet_polaris,2025
103,CNC(=O)C1=CC(Cl)=CC=C1NS(=O)(=O)C1=CC=C(OC2=CC=CC=C2Cl)C=C1,106.0,ASAP-0014994,Train,106.0,2.0253058652647704,2.0253058652647704,108.968,2.037298979924027,2.037298979924027,openadmet_polaris,2025
104,CN1C=C(NC(=O)NCC2=CC=CC=N2)C2=CN=CC=C2C1=O,4.11,ASAP-0014913,Train,4.11,0.6138418218760693,0.6138418218760693,4.22508,0.6258349365353262,0.6258349365353262,openadmet_polaris,2025
105,O=C(/C=C/C1=CC=CC=C1)C(=O)N1CCN(CCC2=CC=CC=C2)CC1,167.0,ASAP-0012944,Train,167.0,2.2227164711475833,2.2227164711475833,171.67600000000002,2.2347095858068404,2.2347095858068404,openadmet_polaris,2025
106,CC1=NC=CN1C[C@H](C)CNC(=O)C1=CC=C2COB(O)C2=C1 |&1:7|,1.0,ASAP-0014807,Train,1.0,0.0,0.0,1.028,0.011993114659256938,0.011993114659256938,openadmet_polaris,2025
107,"C[C@H]1CN(C[C@H](O)CNC(=O)C2=CC=C3COB(O)C3=C2)CCO1 |&1:1,&2:5|",8.0,ASAP-0014822,Train,8.0,0.9030899869919435,0.9030899869919435,8.224,0.9150831016512005,0.9150831016512005,openadmet_polaris,2025
108,CN1CCN(C)[C@H](CNC(=O)C2=CC=C3COB(O)C3=C2)C1 |&1:6|,14.0,ASAP-0014818,Train,14.0,1.146128035678238,1.146128035678238,14.392,1.1581211503374949,1.1581211503374949,openadmet_polaris,2025
109,O=C(C1=CC=C2COB(O)C2=C1)N1CCN[C@H](C2=CC=CC=C2)C1 |&1:16|,4.0,ASAP-0014817,Train,4.0,0.6020599913279624,0.6020599913279624,4.112,0.6140531059872193,0.6140531059872193,openadmet_polaris,2025
110,O=C(C[C@H]1CCN2C=NC=C2C1)NC1=CC=CC(B(O)O)=C1 |&1:3|,8.0,ASAP-0014813,Train,8.0,0.9030899869919435,0.9030899869919435,8.224,0.9150831016512005,0.9150831016512005,openadmet_polaris,2025
111,CC1=CC(NC(=O)NC2=CNC(=O)C3=CC=CC=C23)=NO1,9.69,ASAP-0014761,Train,9.69,0.9863237770507653,0.9863237770507653,9.961319999999999,0.9983168917100222,0.9983168917100222,openadmet_polaris,2025
112,"CN1CC[C@H](NC(=O)C2=CC=CC(B(O)O)=C2)[C@H]1C1=CC=C(Cl)C=C1 |&1:4,17|",21.0,ASAP-0014724,Train,21.0,1.3222192947339193,1.3222192947339193,21.588,1.3342124093931762,1.3342124093931762,openadmet_polaris,2025
113,CN(C(=O)C1=CC=C2COB(O)C2=C1)[C@H]1CCN(C2CC2)C1 |&1:14|,16.0,ASAP-0014734,Train,16.0,1.2041199826559248,1.2041199826559248,16.448,1.2161130973151817,1.2161130973151817,openadmet_polaris,2025
114,"O=C(NC1=CC=CC(B(O)O)=C1)[C@H]1CCN2CCC[C@H]2C1 |&1:12,&2:19|",9.0,ASAP-0014739,Train,9.0,0.9542425094393249,0.9542425094393249,9.252,0.9662356240985819,0.9662356240985819,openadmet_polaris,2025
115,O=C(NC1=CC=CC(B(O)O)=C1)[C@H]1CCN(CC2=CC=CC=C2)C1 |&1:12|,7.0,ASAP-0014731,Train,7.0,0.8450980400142568,0.8450980400142568,7.196,0.8570911546735137,0.8570911546735137,openadmet_polaris,2025
116,CN(C)C[C@H]1C[C@H](NC(=O)C2=CC=C3COB(O)C3=C2)C1,5.0,ASAP-0014809,Train,5.0,0.6989700043360189,0.6989700043360189,5.140000000000001,0.7109631189952758,0.7109631189952758,openadmet_polaris,2025
117,"C[C@H]1CN(C2=CN=CC3=CC=CC=C23)C(=O)[C@@]12CN(CC1=CC=NN=C1)C(=O)C1=CC=C(F)C=C12 |a:1,16|",19.0,ASAP-0014613,Train,19.0,1.2787536009528289,1.2787536009528289,19.532,1.290746715612086,1.290746715612086,openadmet_polaris,2025
118,"CNC(=O)CN1C[C@@]2(C(=O)N(C3=CN=CC4=CC=CC=C34)C[C@@H]2CNC2=CC=C(Cl)N=N2)C2=CC(Cl)=CC=C2C1=O |a:7,22|",70.0,ASAP-0014544,Train,70.0,1.845098040014257,1.845098040014257,71.96000000000001,1.8570911546735138,1.8570911546735138,openadmet_polaris,2025
119,"CNC(=O)CN1C[C@@]2(C(=O)N(C3=CN=CC4=CC=CC=C34)C[C@@H]2CNC2=CN=CS2)C2=CC(Cl)=CC=C2C1=O |a:7,22|",39.0,ASAP-0013892,Train,39.0,1.591064607026499,1.591064607026499,40.092,1.6030577216857562,1.6030577216857562,openadmet_polaris,2025
120,"C[C@H]1CN(C2=CN=CC3=CC=CC=C23)C(=O)[C@@]12CN(CCN1CCN(S(C)(=O)=O)CC1)C(=O)C1=CC=C(Cl)C=C12 |a:1,16|",237.0,ASAP-0013898,Train,237.0,2.374748346010104,2.374748346010104,243.636,2.3867414606693607,2.3867414606693607,openadmet_polaris,2025
121,"O=C1C2=CC=C(Cl)C=C2[C@@]2(CN1CCN1CCOCC1)C(=O)N(C1=CN=CC3=CC=CC=C13)C[C@@H]2CNC1=NC=CC=N1 |a:9,34|",108.0,ASAP-0013925,Train,108.0,2.03342375548695,2.03342375548695,111.024,2.0454168701462065,2.0454168701462065,openadmet_polaris,2025
122,CCNC(=O)C1=CC2=C(N[C@H](C3=CC=C4OCCOC4=C3)C(C)C)N=CN=C2N1 |o1:10|,1330.0,ASAP-0013827,Train,1330.0,3.123851640967086,3.123851640967086,1367.24,3.135844755626343,3.135844755626343,openadmet_polaris,2025
123,"CNC(=O)CN1C[C@@]2(C(=O)N(C3=CN=CC4=CC=CC=C34)C[C@@H]2CNC2=C(C)N=CS2)C2=CC(Cl)=CC=C2C1=O |a:7,22|",17.0,ASAP-0013814,Train,17.0,1.2304489213782739,1.2304489213782739,17.476,1.2424420360375308,1.2424420360375308,openadmet_polaris,2025
124,CCNC(=O)C1=CC2=C(N[C@H](C3=CC=C4OCCOC4=C3)C(C)C)N=CN=C2N1 |o1:10|,67.0,ASAP-0013824,Train,67.0,1.8260748027008264,1.8260748027008264,68.876,1.8380679173600833,1.8380679173600833,openadmet_polaris,2025
125,CC(C)[C@H](NC1=NC=NC2=C1C=C(C1=CN(CC(=O)N(C)C)N=C1)N2)C1=CC=C2OCCOC2=C1 |o1:3|,500.0,ASAP-0013833,Train,500.0,2.6989700043360187,2.6989700043360187,514.0,2.710963118995276,2.710963118995276,openadmet_polaris,2025
126,CC(C)[C@H](NC1=NC=NC2=C1C=C(C1=CN(CC(=O)N(C)C)N=C1)N2)C1=CC=C2OCCOC2=C1 |o1:3|,108.0,ASAP-0013837,Train,108.0,2.03342375548695,2.03342375548695,111.024,2.0454168701462065,2.0454168701462065,openadmet_polaris,2025
127,CC(C)[C@H](NC1=NC=NC2=C1C=C(C1=CN(CC(=O)N(C)C)N=C1)N2)C1=CC=C2CCCS(=O)(=O)C2=C1 |o1:3|,297.0,ASAP-0013747,Train,297.0,2.4727564493172123,2.4727564493172123,305.31600000000003,2.4847495639764694,2.4847495639764694,openadmet_polaris,2025
128,CC(C)[C@H](NC1=NC=NC2=C1C=C(C1=CN(CC(=O)N(C)C)N=C1)N2)C1=CC=C2CCCS(=O)(=O)C2=C1 |o1:3|,92.0,ASAP-0013744,Train,92.0,1.9637878273455553,1.9637878273455553,94.57600000000001,1.9757809420048122,1.9757809420048122,openadmet_polaris,2025
129,"CNC(=O)CN1C[C@@]2(C(=O)N(C3=CN=CC4=CC=CC=C34)C[C@@H]2CS(=O)(=O)NC)C2=CC(Cl)=CC=C2C1=O |a:7,22|",83.0,ASAP-0013717,Train,83.0,1.919078092376074,1.919078092376074,85.324,1.9310712070353309,1.9310712070353309,openadmet_polaris,2025
130,COC1=CC=C(C(=O)NC2=CC=CC(/C=C3/C(=O)NC(=O)C4=CC=CC=C34)=C2)C=C1,180.0,ASAP-0013646,Train,180.0,2.255272505103306,2.255272505103306,185.04,2.267265619762563,2.267265619762563,openadmet_polaris,2025
131,"CC1=NOC(CN2C[C@@]3(C(=O)N(C4=CN=CC5=CC=CC=C45)C[C@@H]3C)C3=CC(F)=CC=C3C2=O)=C1 |a:8,23|",80.0,ASAP-0013722,Train,80.0,1.9030899869919435,1.9030899869919435,82.24000000000001,1.9150831016512007,1.9150831016512007,openadmet_polaris,2025
132,"C[C@H]1CN(C2=CN=CC3=CC=CC=C23)C(=O)[C@@]12CN(CC1=NN=NN1C)C(=O)C1=CC=C(F)C=C12 |a:1,16|",58.0,ASAP-0013721,Train,58.0,1.7634279935629373,1.7634279935629373,59.624,1.7754211082221942,1.7754211082221942,openadmet_polaris,2025
133,"C[C@H]1CN(C2=CN=CC3=CC=CC=C23)C(=O)[C@@]12CN(CC1=NC=CN1C)C(=O)C1=CC=C(F)C=C12 |a:1,16|",195.0,ASAP-0013720,Train,195.0,2.290034611362518,2.290034611362518,200.46,2.302027726021775,2.302027726021775,openadmet_polaris,2025
134,"C[C@H]1CN(C2=CN=CC3=CC=CC=C23)C(=O)[C@@]12CN(CC#N)C(=O)C1=CC=C(F)C=C12 |a:1,16|",85.0,ASAP-0013719,Train,85.0,1.9294189257142926,1.9294189257142926,87.38,1.9414120403735495,1.9414120403735495,openadmet_polaris,2025
135,"CNC(=O)CN1C[C@@]2(C(=O)N(C3=CN=CC4=CC=CC=C34)C[C@@H]2CN2N=CN=N2)C2=CC(Cl)=CC=C2C1=O |a:7,22|",44.0,ASAP-0013718,Train,44.0,1.6434526764861874,1.6434526764861874,45.232,1.6554457911454443,1.6554457911454443,openadmet_polaris,2025
136,"CNC(=O)CN1C[C@@]2(C(=O)N(C3=CN=CC4=CC=CC=C34)C[C@@H]2CNC2=CN=C(C)S2)C2=CC(Cl)=CC=C2C1=O |a:7,22|",26.0,ASAP-0013716,Train,26.0,1.414973347970818,1.414973347970818,26.728,1.4269664626300749,1.4269664626300749,openadmet_polaris,2025
137,CCN1N=CC=C1CN1C[C@@]2(C(=O)N(C3=CN=CC4=CC=CC=C34)C[C@@H]2C)C2=CC(F)=CC=C2C1=O,256.0,ASAP-0013398,Train,256.0,2.4082399653118496,2.4082399653118496,263.168,2.4202330799711067,2.4202330799711067,openadmet_polaris,2025
138,C[C@H]1CN(C2=CN=CC3=CC=CC=C23)C(=O)[C@@]12CN(CC1=CC=NN1C)C(=O)C1=CC=C(F)C=C12,131.0,ASAP-0013413,Train,131.0,2.1172712956557644,2.1172712956557644,134.668,2.129264410315021,2.129264410315021,openadmet_polaris,2025
139,C[C@H]1CN(C2=CN=CC3=CC=CC=C23)C(=O)[C@@]12CN(CC1=CNN=N1)C(=O)C1=CC=C(F)C=C12,11.0,ASAP-0013412,Train,11.0,1.0413926851582251,1.0413926851582251,11.308,1.053385799817482,1.053385799817482,openadmet_polaris,2025
140,CNC(=O)CN1C[C@@]2(C(=O)N(C3=CN=CC4=CC=CC=C34)C[C@@H]2CN2C=CC=N2)C2=CC(Cl)=CC=C2C1=O,51.0,ASAP-0013405,Train,51.0,1.7075701760979363,1.7075701760979363,52.428000000000004,1.7195632907571934,1.7195632907571934,openadmet_polaris,2025
141,CNCCN1C[C@@]2(C(=O)N(C3=CN=CC4=CC=CC=C34)C[C@@H]2C)C2=CC(F)=CC=C2C1=O,3.0,ASAP-0013407,Train,3.0,0.47712125471966244,0.47712125471966244,3.084,0.4891143693789194,0.4891143693789194,openadmet_polaris,2025
142,C[C@H]1CN(C2=CN=CC3=CC=CC=C23)C(=O)[C@@]12CN(CC1=COC=N1)C(=O)C1=CC=C(F)C=C12,85.0,ASAP-0013414,Train,85.0,1.9294189257142926,1.9294189257142926,87.38,1.9414120403735495,1.9414120403735495,openadmet_polaris,2025
143,CC1=CN=C(CN2C[C@@]3(C(=O)N(C4=CN=CC5=CC=CC=C45)C[C@@H]3C)C3=CC(F)=CC=C3C2=O)C=N1,137.0,ASAP-0013423,Train,137.0,2.1367205671564067,2.1367205671564067,140.836,2.148713681815664,2.148713681815664,openadmet_polaris,2025
144,CNC(=O)CN1C[C@@]2(C(=O)N(C3=CN=CC4=CC=CC=C34)C[C@@H]2CS(=O)(=O)NC)C2=CC(F)=CC=C2C1=O,33.0,ASAP-0013303,Train,33.0,1.5185139398778875,1.5185139398778875,33.924,1.5305070545371444,1.5305070545371444,openadmet_polaris,2025
145,CNC(=O)CN1C[C@@]2(C(=O)N(C3=CN=CC4=CC=CC=C34)C[C@@H]2CS(=O)(=O)N(C)C)C2=CC(Cl)=CC=C2C1=O,194.0,ASAP-0013302,Train,194.0,2.287801729930226,2.287801729930226,199.43200000000002,2.299794844589483,2.299794844589483,openadmet_polaris,2025
146,CN1N=NC(CN2C[C@]3(CCN(C4=CN=CC5=CC=CC=C45)C3=O)C3=CC(Cl)=CC=C3C2=O)=N1 |o1:8|,29.0,ASAP-0013311,Train,29.0,1.462397997898956,1.462397997898956,29.812,1.474391112558213,1.474391112558213,openadmet_polaris,2025
147,CN1C=NC(CN2C[C@]3(CCN(C4=CN=CC5=CC=CC=C45)C3=O)C3=CC(Cl)=CC=C3C2=O)=N1 |o1:8|,26.0,ASAP-0013308,Train,26.0,1.414973347970818,1.414973347970818,26.728,1.4269664626300749,1.4269664626300749,openadmet_polaris,2025
148,CN1C=CC(CN2C[C@]3(CCN(C4=CN=CC5=CC=CC=C45)C3=O)C3=CC(Cl)=CC=C3C2=O)=N1 |o1:8|,82.0,ASAP-0013306,Train,82.0,1.9138138523837167,1.9138138523837167,84.296,1.9258069670429736,1.9258069670429736,openadmet_polaris,2025
149,CN1N=NN=C1CN1C[C@]2(CCN(C3=CN=CC4=CC=CC=C34)C2=O)C2=CC(Cl)=CC=C2C1=O |o1:9|,126.0,ASAP-0013313,Train,126.0,2.100370545117563,2.100370545117563,129.528,2.1123636597768196,2.1123636597768196,openadmet_polaris,2025
150,CN1N=NC(CN2C[C@]3(CCN(C4=CN=CC5=CC=CC=C45)C3=O)C3=CC(Cl)=CC=C3C2=O)=N1 |o1:8|,77.0,ASAP-0013310,Train,77.0,1.8864907251724818,1.8864907251724818,79.156,1.8984838398317387,1.8984838398317387,openadmet_polaris,2025
151,CN1C=NC(CN2C[C@]3(CCN(C4=CN=CC5=CC=CC=C45)C3=O)C3=CC(Cl)=CC=C3C2=O)=N1 |o1:8|,53.0,ASAP-0013309,Train,53.0,1.724275869600789,1.724275869600789,54.484,1.736268984260046,1.736268984260046,openadmet_polaris,2025
152,CN1C=CC(CN2C[C@]3(CCN(C4=CN=CC5=CC=CC=C45)C3=O)C3=CC(Cl)=CC=C3C2=O)=N1 |o1:8|,241.0,ASAP-0013307,Train,241.0,2.3820170425748683,2.3820170425748683,247.74800000000002,2.3940101572341255,2.3940101572341255,openadmet_polaris,2025
153,C[C@H]1CN(C2=CN=CC3=CC=CC=C23)C(=O)[C@@]12CN(CC1=NNC=N1)C(=O)C1=CC=C(F)C=C12,2.0,ASAP-0013305,Train,2.0,0.3010299956639812,0.3010299956639812,2.056,0.31302311032323815,0.31302311032323815,openadmet_polaris,2025
154,C[C@H]1CN(C2=CN=CC3=CC=CC=C23)C(=O)[C@@]12CN(CC1=CC(O)=NC=N1)C(=O)C1=CC=C(F)C=C12,2.0,ASAP-0013304,Train,2.0,0.3010299956639812,0.3010299956639812,2.056,0.31302311032323815,0.31302311032323815,openadmet_polaris,2025
155,CNC(=O)CN1C[C@@]2(C(=O)N(C3=CN=CC4=CC=CC=C34)C[C@@H]2CNC2=CC=NC=N2)C2=CC(Cl)=CC=C2C1=O,44.0,ASAP-0013300,Train,44.0,1.6434526764861874,1.6434526764861874,45.232,1.6554457911454443,1.6554457911454443,openadmet_polaris,2025
156,CNC(=O)CN1C[C@@]2(C(=O)N(C3=CN=CC4=CC=CC=C34)C[C@@H]2CNC2=CN=CC=N2)C2=CC(Cl)=CC=C2C1=O,66.0,ASAP-0013301,Train,66.0,1.8195439355418688,1.8195439355418688,67.848,1.8315370502011257,1.8315370502011257,openadmet_polaris,2025
157,CN1N=NN=C1CN1C[C@]2(CCN(C3=CN=CC4=CC=CC=C34)C2=O)C2=CC(Cl)=CC=C2C1=O |o1:9|,57.0,ASAP-0013312,Train,57.0,1.7558748556724915,1.7558748556724915,58.596000000000004,1.7678679703317484,1.7678679703317484,openadmet_polaris,2025
158,CC(C)[C@H](NC1=NC=NC2=C1C=C(C1=C(C#N)N(C)N=C1)N2)C1=CC=C2OCC(=O)NC2=C1 |o1:3|,52.0,ASAP-0013256,Train,52.0,1.7160033436347992,1.7160033436347992,53.456,1.7279964582940561,1.7279964582940561,openadmet_polaris,2025
159,C[C@H]1CN(C2=CN=CC3=CC=CC=C23)C(=O)[C@@]12CN(CC1=NC=CN1)C(=O)C1=CC=C(F)C=C12,90.0,ASAP-0013274,Train,90.0,1.954242509439325,1.954242509439325,92.52,1.9662356240985819,1.9662356240985819,openadmet_polaris,2025
160,C[C@H]1CN(C2=CN=CC3=CC=CC=C23)C(=O)[C@@]12CN(CC1=CC=NN1)C(=O)C1=CC=C(F)C=C12,44.0,ASAP-0013273,Train,44.0,1.6434526764861874,1.6434526764861874,45.232,1.6554457911454443,1.6554457911454443,openadmet_polaris,2025
161,C=CC(=O)N1CCCC2=C1C=CC=C2N(CC1=CC=CC(Cl)=C1)C(=O)CC1=CN=CC2=CC=CC=C12,1620.0,ASAP-0013249,Train,1620.0,3.2095150145426308,3.2095150145426308,1665.3600000000001,3.221508129201888,3.221508129201888,openadmet_polaris,2025
162,CNC(=O)CN1C[C@@]2(C(=O)N(C3=CN=CC4=CC=CC=C34)C[C@@H]2CNC2=CC=CC=C2)C2=CC(Cl)=CC=C2C1=O,378.0,ASAP-0013265,Train,378.0,2.5774917998372255,2.5774917998372255,388.584,2.589484914496482,2.589484914496482,openadmet_polaris,2025
163,CNC(=O)CN1C[C@@]2(C(=O)N(C3=CN=CC4=CC=CC=C34)C[C@@H]2CNC2=CN(C)N=C2)C2=CC(Cl)=CC=C2C1=O,66.0,ASAP-0013266,Train,66.0,1.8195439355418688,1.8195439355418688,67.848,1.8315370502011257,1.8315370502011257,openadmet_polaris,2025
164,CNC(=O)CN1C[C@@]2(C(=O)N(C3=CN=CC4=CC=CC=C34)C[C@@H]2CC2=NNN=N2)C2=CC(Cl)=CC=C2C1=O,10.0,ASAP-0013268,Train,10.0,1.0,1.0,10.280000000000001,1.011993114659257,1.011993114659257,openadmet_polaris,2025
165,C[C@H]1CN(C2=CN=CC3=CC=CC=C23)C(=O)[C@@]12CN(CC1=CNC=N1)C(=O)C1=CC=C(F)C=C12,19.0,ASAP-0013272,Train,19.0,1.2787536009528289,1.2787536009528289,19.532,1.290746715612086,1.290746715612086,openadmet_polaris,2025
166,CC(C)[C@H](NC1=NC=NC2=C1C=C(C1=C(C#N)N(C)N=C1)N2)C1=CC=C2OCC(=O)NC2=C1 |o1:3|,115.0,ASAP-0013255,Train,115.0,2.060697840353612,2.060697840353612,118.22,2.0726909550128685,2.0726909550128685,openadmet_polaris,2025
167,CC(C)[C@H](NC1=NC=NC2=C1C=C(C1=CN(C)N=C1)N2)C1=CC=C2CCCS(=O)(=O)C2=C1 |o1:3|,405.0,ASAP-0012329,Train,405.0,2.6074550232146687,2.6074550232146687,416.34000000000003,2.6194481378739254,2.6194481378739254,openadmet_polaris,2025
168,CC(C)[C@H](NC1=NC=NC2=C1C=C(C1=CN(C)N=C1)N2)C1=CC=C2CCCS(=O)(=O)C2=C1 |o1:3|,169.0,ASAP-0012327,Train,169.0,2.2278867046136734,2.2278867046136734,173.732,2.2398798192729306,2.2398798192729306,openadmet_polaris,2025
169,CC(C)(C)[C@H](NC1=NC=NC2=C1C=C(C1=CN(CC(N)=O)N=C1)N2)C1=CC=C2OCCOC2=C1 |o1:4|,153.0,ASAP-0012330,Train,153.0,2.184691430817599,2.184691430817599,157.284,2.1966845454768555,2.1966845454768555,openadmet_polaris,2025
170,CCNC(=O)C1=CC2=C(N[C@H](C3=CC=C4CCCS(=O)(=O)C4=C3)C(C)C)N=CN=C2N1 |o1:10|,109.0,ASAP-0012325,Train,109.0,2.037426497940624,2.037426497940624,112.052,2.0494196125998805,2.0494196125998805,openadmet_polaris,2025
171,CCNC(=O)C1=CC2=C(N[C@H](C3=CC=C4OCCS(=O)(=O)C4=C3)C(C)C)N=CN=C2N1 |&1:10|,64.0,ASAP-0012317,Train,64.0,1.806179973983887,1.806179973983887,65.792,1.8181730886431442,1.8181730886431442,openadmet_polaris,2025
172,CC(C)[C@H](NC1=NC=NC2=C1C=C(C1=CN=CC(S(C)(=O)=O)=C1)N2)C1=CC=C2CCCS(=O)(=O)C2=C1 |&1:3|,635.0,ASAP-0012320,Train,635.0,2.8027737252919755,2.8027737252919755,652.78,2.8147668399512327,2.8147668399512327,openadmet_polaris,2025
173,CC(C)[C@H](NC1=NC=NC2=C1C=CN2)C1=CC=C2OCCS(=O)(=O)C2=C1 |&1:3|,18.0,ASAP-0012318,Train,18.0,1.255272505103306,1.255272505103306,18.504,1.2672656197625631,1.2672656197625631,openadmet_polaris,2025
174,CC(C)[C@H](NC1=NC=NC2=C1C=C(C(=O)N[C@H]1CCN(C)C1)N2)C1=CC=C2CCCS(=O)(=O)C2=C1 |o1:3|,11.0,ASAP-0012334,Train,11.0,1.0413926851582251,1.0413926851582251,11.308,1.053385799817482,1.053385799817482,openadmet_polaris,2025
175,CC(C)(C)[C@H](NC1=NC=NC2=C1C=C(C1=CN(CC(N)=O)N=C1)N2)C1=CC=C2OCCOC2=C1 |o1:4|,100.0,ASAP-0012332,Train,100.0,2.0,2.0,102.8,2.011993114659257,2.011993114659257,openadmet_polaris,2025
176,CNCCN1C[C@@]2(C(=O)N(C3=CN=CC4=CC=CC=C34)C[C@@H]2C)C2=CC(Cl)=CC=C2C1=O,4.0,ASAP-0012337,Train,4.0,0.6020599913279624,0.6020599913279624,4.112,0.6140531059872193,0.6140531059872193,openadmet_polaris,2025
177,CC(C)[C@H](NC1=NC=NC2=C1C=C(C(=O)N[C@H]1CCN(C)C1)N2)C1=CC=C2CCCS(=O)(=O)C2=C1 |o1:3|,26.0,ASAP-0012336,Train,26.0,1.414973347970818,1.414973347970818,26.728,1.4269664626300749,1.4269664626300749,openadmet_polaris,2025
178,CNC(=O)C1=CC=CC(C2=CC3=C(N[C@H](C4=CC=C5CCCS(=O)(=O)C5=C4)C(C)C)N=CN=C3N2)=C1 |o1:14|,746.0,ASAP-0012338,Train,746.0,2.8727388274726686,2.8727388274726686,766.888,2.8847319421319257,2.8847319421319257,openadmet_polaris,2025
179,CNC(=O)C1=CC2=C(N[C@H](C3=CC=C4CCCS(=O)(=O)C4=C3)C(C)C)N=CN=C2N1 |o1:9|,67.0,ASAP-0012340,Train,67.0,1.8260748027008264,1.8260748027008264,68.876,1.8380679173600833,1.8380679173600833,openadmet_polaris,2025
180,CNC(=O)C1=CC=CC(C2=CC3=C(N[C@H](C4=CC=C5CCCS(=O)(=O)C5=C4)C(C)C)N=CN=C3N2)=C1 |o1:14|,455.0,ASAP-0012344,Train,455.0,2.6580113966571126,2.6580113966571126,467.74,2.6700045113163693,2.6700045113163693,openadmet_polaris,2025
181,CNC(=O)C1=CC2=C(N[C@H](C3=CC=C4CCCS(=O)(=O)C4=C3)C(C)C)N=CN=C2N1 |o1:9|,682.0,ASAP-0012346,Train,682.0,2.833784374656479,2.833784374656479,701.096,2.845777489315736,2.845777489315736,openadmet_polaris,2025
182,CO[C@@H](C)CN1C[C@@]2(C(=O)N(C3=CN=CC4=CC=CC=C34)C[C@@H]2C)C2=CC(F)=CC=C2C1=O,87.0,ASAP-0012339,Train,87.0,1.9395192526186185,1.9395192526186185,89.436,1.9515123672778756,1.9515123672778756,openadmet_polaris,2025
183,CO[C@@H](C)CN1C[C@@]2(C(=O)N(C3=CN=CC4=CC=CC=C34)C[C@@H]2C)C2=CC(Cl)=CC=C2C1=O,170.0,ASAP-0012331,Train,170.0,2.230448921378274,2.230448921378274,174.76,2.242442036037531,2.242442036037531,openadmet_polaris,2025
184,CNC(=O)[C@@H](C)N1C[C@@]2(C(=O)N(C3=CN=CC4=CC=CC=C34)C[C@@H]2C)C2=CC(Cl)=CC=C2C1=O,48.0,ASAP-0012333,Train,48.0,1.6812412373755872,1.6812412373755872,49.344,1.693234352034844,1.693234352034844,openadmet_polaris,2025
185,CC(C)[C@H](NC1=NC=NC2=C1C=C(C1=CN(CC(N)=O)N=C1)N2)C1=CC=C2OCCOC2=N1 |o1:3|,12.0,ASAP-0012307,Train,12.0,1.0791812460476249,1.0791812460476249,12.336,1.0911743607068818,1.0911743607068818,openadmet_polaris,2025
186,CC(C)[C@H](NC1=NC=NC2=C1C=C(C1=CN(CC(N)=O)N=C1)N2)C1=CC=C2OCCOC2=N1 |o1:3|,18.0,ASAP-0012315,Train,18.0,1.255272505103306,1.255272505103306,18.504,1.2672656197625631,1.2672656197625631,openadmet_polaris,2025
187,CCNC(=O)C1=CC2=C(N[C@H](C3=CC=C4CCCS(=O)(=O)C4=C3)C(C)C)N=CN=C2N1 |o1:10|,892.0,ASAP-0012349,Train,892.0,2.950364854376123,2.950364854376123,916.976,2.96235796903538,2.96235796903538,openadmet_polaris,2025
188,C[C@H]1CN(C2=CN=CC3=CC=CC=C23)C(=O)[C@@]12CN(CCN1CCOCC1)C(=O)C1=CC=C(Cl)C=C12,172.0,ASAP-0011513,Train,172.0,2.2355284469075487,2.2355284469075487,176.816,2.247521561566806,2.247521561566806,openadmet_polaris,2025
189,CC(C)[C@H](NC1=NC=NC2=C1C=C(C1=CN(CC(N)=O)N=C1)N2)C1=CC=C2CCCS(=O)(=O)C2=C1 |o1:3|,240.0,ASAP-0011428,Train,240.0,2.380211241711606,2.380211241711606,246.72,2.392204356370863,2.392204356370863,openadmet_polaris,2025
190,CC1=NN(C)C=C1C1=CC2=C(N[C@H](C3=CC=C4CCCS(=O)(=O)C4=C3)C(C)C)N=CN=C2N1 |o1:12|,251.0,ASAP-0011448,Train,251.0,2.399673721481038,2.399673721481038,258.028,2.411666836140295,2.411666836140295,openadmet_polaris,2025
191,CC1=NN(C)C=C1C1=CC2=C(N[C@H](C3=CC=C4CCCS(=O)(=O)C4=C3)C(C)C)N=CN=C2N1 |o1:12|,273.0,ASAP-0011446,Train,273.0,2.436162647040756,2.436162647040756,280.644,2.448155761700013,2.448155761700013,openadmet_polaris,2025
192,CC(C)[C@H](NC1=NC=NC2=C1C=C(C1=CN(CC(N)=O)N=C1)N2)C1=CC=C2CCCS(=O)(=O)C2=C1 |o1:3|,115.0,ASAP-0011432,Train,115.0,2.060697840353612,2.060697840353612,118.22,2.0726909550128685,2.0726909550128685,openadmet_polaris,2025
193,CNC(=O)[C@@H](C)N1C[C@@]2(C(=O)N(C3=CN=CC4=CC=CC=C34)C[C@@H]2C)C2=CC(F)=CC=C2C1=O,11.0,ASAP-0011528,Train,11.0,1.0413926851582251,1.0413926851582251,11.308,1.053385799817482,1.053385799817482,openadmet_polaris,2025
194,CNC(=O)CN1C[C@@]2(C(=O)N(C3=CN=CC4=CC=CC=C34)C[C@@H]2CC#N)C2=CC(Cl)=CC=C2C1=O,37.0,ASAP-0011430,Train,37.0,1.568201724066995,1.568201724066995,38.036,1.5801948387262519,1.5801948387262519,openadmet_polaris,2025
195,C[C@H]1CN(C2=CN=CC3=CC=CC=C23)C(=O)[C@@]12CN(CCN1CCOCC1)C(=O)C1=CC=C(F)C=C12,96.0,ASAP-0011445,Train,96.0,1.9822712330395684,1.9822712330395684,98.688,1.9942643476988253,1.9942643476988253,openadmet_polaris,2025
196,C[C@H]1CN(C2=CN=CC3=CC=CC=C23)C(=O)[C@@]12CN(CC1=CNN=C1)C(=O)C1=CC=C(F)C=C12,27.0,ASAP-0011485,Train,27.0,1.4313637641589874,1.4313637641589874,27.756,1.4433568788182443,1.4433568788182443,openadmet_polaris,2025
197,CNC(=O)C1(N2C[C@@]3(C(=O)N(C4=CN=CC5=CC=CC=C45)C[C@@H]3C)C3=CC(F)=CC=C3C2=O)CC1,15.0,ASAP-0011359,Train,15.0,1.1760912590556813,1.1760912590556813,15.42,1.1880843737149382,1.1880843737149382,openadmet_polaris,2025
198,CNC(=O)CN1C[C@@]2(C(=O)N(C3=CN=CC4=CC=CC=C34)C[C@@H]2CN2C=CN=N2)C2=CC(F)=CC=C2C1=O,11.0,ASAP-0011358,Train,11.0,1.0413926851582251,1.0413926851582251,11.308,1.053385799817482,1.053385799817482,openadmet_polaris,2025
199,CCNC(=O)CN1C[C@@]2(C(=O)N(C3=CN=CC4=CC=CC=C34)C[C@@H]2C)C2=CC(F)=CC=C2C1=O,65.0,ASAP-0011343,Train,65.0,1.8129133566428555,1.8129133566428555,66.82000000000001,1.8249064713021126,1.8249064713021126,openadmet_polaris,2025
200,CNCC1=CC(C2=CC3=C(N[C@H](C4=CC=C5CCNS(=O)(=O)C5=C4)C(C)C)N=CN=C3N2)=CO1 |&1:11|,46.0,ASAP-0011243,Train,46.0,1.662757831681574,1.662757831681574,47.288000000000004,1.674750946340831,1.674750946340831,openadmet_polaris,2025
201,CC(C)[C@H](NC1=NC=NC2=C1C(C(=O)NC1CC1)=CN2)C1=CC=C2CCCS(=O)(=O)C2=C1 |o1:3|,5.0,ASAP-0011247,Train,5.0,0.6989700043360189,0.6989700043360189,5.140000000000001,0.7109631189952758,0.7109631189952758,openadmet_polaris,2025
202,CNC(=O)CN1C[C@@]2(C(=O)N(C3=CN=CC4=CC=CC=C34)C[C@@H]2CS(C)(=O)=O)C2=CC(F)=CC=C2C1=O,21.0,ASAP-0011414,Train,21.0,1.3222192947339193,1.3222192947339193,21.588,1.3342124093931762,1.3342124093931762,openadmet_polaris,2025
203,CC1CCC2(CC1)CCN(C(=O)CC1=CN=CC3=CC=CC=C13)C2,346.0,ASAP-0011408,Train,346.0,2.5390760987927767,2.5390760987927767,355.688,2.5510692134520334,2.5510692134520334,openadmet_polaris,2025
204,C[C@H]1CN(C2=CN=CC3=CC=CC=C23)C(=O)[C@@]12CN(CC(=O)NC1CCC1)C(=O)C1=CC=C(Cl)C=C12,780.0,ASAP-0011185,Train,780.0,2.8920946026904804,2.8920946026904804,801.84,2.9040877173497375,2.9040877173497375,openadmet_polaris,2025
205,CNCC1=CC(C2=CC3=C(N[C@H](C4=CC=C5CCCS(=O)(=O)C5=C4)C(C)C)N=CN=C3N2)=CO1 |o1:11|,133.0,ASAP-0011176,Train,133.0,2.123851640967086,2.123851640967086,136.724,2.135844755626343,2.135844755626343,openadmet_polaris,2025
206,CNC(=O)C1=CNC2=NC=NC(N[C@H](C3=CC=C4CCCS(=O)(=O)C4=C3)C(C)C)=C12 |o1:13|,108.0,ASAP-0011156,Train,108.0,2.03342375548695,2.03342375548695,111.024,2.0454168701462065,2.0454168701462065,openadmet_polaris,2025
207,CC(C)[C@H](NC1=NC=NC2=C1C=C(C1=C(C#N)N(C)N=C1)N2)C1=CC=C2CCCS(=O)(=O)C2=C1 |o1:3|,935.0,ASAP-0011144,Train,935.0,2.9708116108725178,2.9708116108725178,961.1800000000001,2.982804725531775,2.982804725531775,openadmet_polaris,2025
208,CC(C)[C@H](NC1=NC=NC2=C1C=C(C1=C(C#N)N(C)N=C1)N2)C1=CC=C2CCCS(=O)(=O)C2=C1 |o1:3|,516.0,ASAP-0011147,Train,516.0,2.7126497016272113,2.7126497016272113,530.448,2.7246428162864684,2.7246428162864684,openadmet_polaris,2025
209,CNC(=O)C1=CNC2=NC=NC(N[C@H](C3=CC=C4CCCS(=O)(=O)C4=C3)C(C)C)=C12 |o1:13|,258.0,ASAP-0011153,Train,258.0,2.41161970596323,2.41161970596323,265.224,2.423612820622487,2.423612820622487,openadmet_polaris,2025
210,CNC(=O)CN1C=C(C2=CC3=C(N[C@H](C4=CC=C5CCCS(=O)(=O)C5=C4)C(C)C)N=CN=C3N2)C=N1 |o1:13|,92.0,ASAP-0011171,Train,92.0,1.9637878273455553,1.9637878273455553,94.57600000000001,1.9757809420048122,1.9757809420048122,openadmet_polaris,2025
211,CC(C)(C)[C@H](NC1=NC=NC2=C1C=C(C1=CN(CC(N)=O)N=C1)N2)C1=CC=C2OCCOC2=N1 |o1:4|,27.0,ASAP-0011159,Train,27.0,1.4313637641589874,1.4313637641589874,27.756,1.4433568788182443,1.4433568788182443,openadmet_polaris,2025
212,CC(C)[C@H](NC1=NC=NC2=C1C(C(=O)NC1CC1)=CN2)C1=CC=C2CCCS(=O)(=O)C2=C1 |o1:3|,409.0,ASAP-0011207,Train,409.0,2.611723308007342,2.611723308007342,420.452,2.6237164226665985,2.6237164226665985,openadmet_polaris,2025
213,CC(C)[C@H](NC1=NC=NC2=C1C=C(C1=C(C#N)N(C)N=C1)N2)C1=CC=C2OCC(=O)NC2=N1 |o1:3|,51.0,ASAP-0011180,Train,51.0,1.7075701760979363,1.7075701760979363,52.428000000000004,1.7195632907571934,1.7195632907571934,openadmet_polaris,2025
214,CNC(=O)CN1C=C(C2=CC3=C(N[C@H](C4=CC=C5CCCS(=O)(=O)C5=C4)C(C)C)N=CN=C3N2)C=N1 |o1:13|,237.0,ASAP-0011184,Train,237.0,2.374748346010104,2.374748346010104,243.636,2.3867414606693607,2.3867414606693607,openadmet_polaris,2025
215,CC(C)[C@H](NC1=NC=NC2=C1C=C(C1=CN(C)N=C1)N2)C1=CC=C2CCNS(=O)(=O)C2=C1 |&1:3|,120.0,ASAP-0011192,Train,120.0,2.0791812460476247,2.0791812460476247,123.36,2.091174360706882,2.091174360706882,openadmet_polaris,2025
216,CC(C)[C@H](NC1=NC=NC2=C1C=C(C(=O)N[C@@H]1CCN(C)C1)N2)C1=CC=C2CCCS(=O)(=O)C2=C1 |o1:3|,3.0,ASAP-0011196,Train,3.0,0.47712125471966244,0.47712125471966244,3.084,0.4891143693789194,0.4891143693789194,openadmet_polaris,2025
217,CC(C)[C@H](NC1=NC=NC2=C1C=C(C(=O)N[C@@H]1CCN(C)C1)N2)C1=CC=C2CCCS(=O)(=O)C2=C1 |o1:3|,20.0,ASAP-0011198,Train,20.0,1.3010299956639813,1.3010299956639813,20.560000000000002,1.3130231103232382,1.3130231103232382,openadmet_polaris,2025
218,CC(C)[C@H](NC1=NC=NC2=C1C=C(C1=CC=C3N=NN(C)C3=C1)N2)C1=CC=C2CCCS(=O)(=O)C2=C1 |&1:3|,752.0,ASAP-0011201,Train,752.0,2.876217840591642,2.876217840591642,773.056,2.888210955250899,2.888210955250899,openadmet_polaris,2025
219,CC(C)[C@H](NC1=NC=NC2=C1C=C(C1=CN3C=NC=C3C=C1)N2)C1=CC=C2CCCS(=O)(=O)C2=C1 |&1:3|,210.0,ASAP-0011215,Train,210.0,2.322219294733919,2.322219294733919,215.88,2.334212409393176,2.334212409393176,openadmet_polaris,2025
220,CC(C)[C@H](NC1=NC=NC2=C1C=C(C1=C(C#N)N(C)N=C1)N2)C1=CC=C2OCC(=O)NC2=N1 |o1:3|,137.0,ASAP-0011177,Train,137.0,2.1367205671564067,2.1367205671564067,140.836,2.148713681815664,2.148713681815664,openadmet_polaris,2025
221,CC(C)(C)[C@H](NC1=NC=NC2=C1C=C(C1=CN(CC(N)=O)N=C1)N2)C1=CC=C2OCCOC2=N1 |o1:4|,42.0,ASAP-0011162,Train,42.0,1.6232492903979006,1.6232492903979006,43.176,1.6352424050571575,1.6352424050571575,openadmet_polaris,2025
222,CN1N=CC(C2=CC3=C(N[C@H](C4=CC=C5OCCOC5=N4)C(C)(C)C)N=CN=C3N2)=C1C#N |o1:10|,283.0,ASAP-0011221,Train,283.0,2.45178643552429,2.45178643552429,290.92400000000004,2.4637795501835473,2.4637795501835473,openadmet_polaris,2025
223,CNCC1=CC(C2=CC3=C(N[C@H](C4=CC=C5CCCS(=O)(=O)C5=C4)C(C)C)N=CN=C3N2)=CO1 |o1:11|,67.0,ASAP-0011169,Train,67.0,1.8260748027008264,1.8260748027008264,68.876,1.8380679173600833,1.8380679173600833,openadmet_polaris,2025
224,CNC(=O)C1=CC2=C(N[C@H](C3=CC=C4OCC(=O)NC4=C3)C(C)C)N=CN=C2N1 |o1:9|,175.0,ASAP-0011219,Train,175.0,2.2430380486862944,2.2430380486862944,179.9,2.2550311633455515,2.2550311633455515,openadmet_polaris,2025
225,C[C@H]1CN(C2=CN=CC3=CC=CC=C23)C(=O)[C@@]12CN(CC(=O)NCC1(F)CC1)C(=O)C1=CC=C(F)C=C12,122.0,ASAP-0011125,Train,122.0,2.0863598306747484,2.0863598306747484,125.416,2.098352945334005,2.098352945334005,openadmet_polaris,2025
226,CCNC(=O)C1=CC2=C(N[C@H](C3=CC=C4CCNS(=O)(=O)C4=C3)C(C)C)N=CN=C2N1 |&1:10|,85.0,ASAP-0011076,Train,85.0,1.9294189257142926,1.9294189257142926,87.38,1.9414120403735495,1.9414120403735495,openadmet_polaris,2025
227,C[C@H]1CN(C2=CN=CC3=CC=CC=C23)C(=O)[C@@]12CN(CC(=O)NCC1CC1)C(=O)C1=CC=C(F)C=C12,293.0,ASAP-0011059,Train,293.0,2.4668676203541096,2.4668676203541096,301.204,2.4788607350133662,2.4788607350133662,openadmet_polaris,2025
228,CCNC(=O)CN1C[C@@]2(C(=O)N(C3=CN=CC4=CC=CC=C34)C[C@@H]2C)C2=CC(Cl)=CC=C2C1=O,80.0,ASAP-0011052,Train,80.0,1.9030899869919435,1.9030899869919435,82.24000000000001,1.9150831016512007,1.9150831016512007,openadmet_polaris,2025
229,CC(C)[C@@H](NC1=NC=NC2=C1C=C(C1=C(C#N)N(C)N=C1)N2)C1=CC=C2OCCOC2=C1,47.0,ASAP-0011033,Train,47.0,1.6720978579357175,1.6720978579357175,48.316,1.6840909725949744,1.6840909725949744,openadmet_polaris,2025
230,CN1C(=O)C2=CC=C(Cl)C=C2[C@]12CCCN(C1=CN=CC3=CC=CC=C13)C2=O |&1:11|,16.0,ASAP-0011036,Train,16.0,1.2041199826559248,1.2041199826559248,16.448,1.2161130973151817,1.2161130973151817,openadmet_polaris,2025
231,CC1=CC=CC=C1OCC(=O)NC1=CN=CC(C2=CN=C3NC=CC3=C2)=C1,113.0,ASAP-0010877,Train,113.0,2.0530784434834195,2.0530784434834195,116.164,2.0650715581426766,2.0650715581426766,openadmet_polaris,2025
232,CC(C)[C@H](NC1=NC=NC2=C1C=C(C1=C(C#N)N(C)N=C1)N2)C1=CC=C2OCCOC2=C1,706.0,ASAP-0010980,Train,706.0,2.8488047010518036,2.8488047010518036,725.768,2.8607978157110607,2.8607978157110607,openadmet_polaris,2025
233,CC(C)[C@H](NC1=NC=NC(N)=C1Cl)C1=CC=C2CCCS(=O)(=O)C2=C1 |&1:3|,79.0,ASAP-0010739,Train,79.0,1.8976270912904414,1.8976270912904414,81.212,1.9096202059496983,1.9096202059496983,openadmet_polaris,2025
234,CN[C@H](C)CN1C[C@H](C(=O)NC2=CN=CC3=CC=CC=C23)C2=CC(Cl)=CC=C2C1=O |&1:7|,14.0,ASAP-0010740,Train,14.0,1.146128035678238,1.146128035678238,14.392,1.1581211503374949,1.1581211503374949,openadmet_polaris,2025
235,COC1=CC=C([C@H](NC(=O)C2=C3C=CNC3=NC=N2)C(C)C2=NN=NN2)C=C1 |&1:6|,2.0,ASAP-0010744,Train,2.0,0.3010299956639812,0.3010299956639812,2.056,0.31302311032323815,0.31302311032323815,openadmet_polaris,2025
236,CNCC1=CC(C2=CC3=C(N[C@H](C4=CC=C5CCCS(=O)(=O)C5=C4)C(C)C)N=CN=C3N2)=CO1 |&1:11|,57.0,ASAP-0010745,Train,57.0,1.7558748556724915,1.7558748556724915,58.596000000000004,1.7678679703317484,1.7678679703317484,openadmet_polaris,2025
237,CC(C)[C@H](NC1=NC=NC2=C1C=C(C1=C(C#N)N(C)N=C1)N2)C1=CC=C2OCCOC2=N1 |o1:3|,17.0,ASAP-0010715,Train,17.0,1.2304489213782739,1.2304489213782739,17.476,1.2424420360375308,1.2424420360375308,openadmet_polaris,2025
238,CC(C)[C@H](NC1=NC=NC2=C1C=C(C1=C(C#N)N(C)N=C1)N2)C1=CC=C2OCCOC2=N1 |o1:3|,369.0,ASAP-0010716,Train,369.0,2.56702636615906,2.56702636615906,379.332,2.5790194808183173,2.5790194808183173,openadmet_polaris,2025
239,CNC(=O)CN1C=C(C2=CC3=C(N[C@H](C4=CC=C5CCCS(=O)(=O)C5=C4)C(C)C)N=CN=C3N2)C=N1 |&1:13|,94.0,ASAP-0010723,Train,94.0,1.9731278535996986,1.9731278535996986,96.632,1.9851209682589557,1.9851209682589557,openadmet_polaris,2025
240,CO[C@@H](C)CN1C[C@H](C(=O)NC2=CN=CC3=CC=CC=C23)C2=CC(Cl)=CC=C2C1=O |o1:7|,114.0,ASAP-0010712,Train,114.0,2.0569048513364727,2.0569048513364727,117.19200000000001,2.0688979659957294,2.0688979659957294,openadmet_polaris,2025
241,CCNC(=O)C1=CC2=C(N[C@H](C3=CC=C4CCCS(=O)(=O)C4=C3)C(C)C)N=CN=C2N1 |&1:10|,108.0,ASAP-0008711,Train,108.0,2.03342375548695,2.03342375548695,111.024,2.0454168701462065,2.0454168701462065,openadmet_polaris,2025
242,CNC(=O)C1=CC2=C(N[C@H](C3=CC=C4CCCS(=O)(=O)C4=C3)C(C)C)N=CN=C2N1 |&1:9|,77.0,ASAP-0008685,Train,77.0,1.8864907251724818,1.8864907251724818,79.156,1.8984838398317387,1.8984838398317387,openadmet_polaris,2025
243,CC(C)[C@H](NC1=NC=NC2=C1C=C(C1=CN(CC(N)=O)N=C1)N2)C1=CC=C2CCCS(=O)(=O)C2=C1 |&1:3|,116.0,ASAP-0008679,Train,116.0,2.0644579892269186,2.0644579892269186,119.248,2.0764511038861753,2.0764511038861753,openadmet_polaris,2025
244,CC(C)[C@H](NC1=NC=NC2=C1C=C(C1=CN(C)N=C1)N2)C1=CC=C2CCCS(=O)(=O)C2=C1 |&1:3|,141.0,ASAP-0008678,Train,141.0,2.1492191126553797,2.1492191126553797,144.948,2.161212227314637,2.161212227314637,openadmet_polaris,2025
245,CC(C)[C@H](NC1=NC=NC2=C1C=CN2)C1=CC=C2CCCS(=O)(=O)C2=C1 |o1:3|,21.0,ASAP-0008676,Train,21.0,1.3222192947339193,1.3222192947339193,21.588,1.3342124093931762,1.3342124093931762,openadmet_polaris,2025
246,CC(C)[C@H](NC1=NC=NC2=C1C=CN2)C1=CC=C2CCCS(=O)(=O)C2=C1 |o1:3|,57.0,ASAP-0008674,Train,57.0,1.7558748556724915,1.7558748556724915,58.596000000000004,1.7678679703317484,1.7678679703317484,openadmet_polaris,2025
247,CC(C)[C@H](NC1=NC=NC2=C1C=C(C1=CN(CC(=O)N(C)C)N=C1)N2)C1=CC=C2CCCS(=O)(=O)C2=C1 |&1:3|,106.0,ASAP-0008668,Train,106.0,2.0253058652647704,2.0253058652647704,108.968,2.037298979924027,2.037298979924027,openadmet_polaris,2025
248,CNC(=O)C1=CNC2=NC=NC(N[C@H](C3=CC=C4CCCS(=O)(=O)C4=C3)C(C)C)=C12 |&1:13|,131.0,ASAP-0008641,Train,131.0,2.1172712956557644,2.1172712956557644,134.668,2.129264410315021,2.129264410315021,openadmet_polaris,2025
249,CNC(=O)C1=CNC2=NC=NC(N[C@H](C3=CC=C4OCC(=O)NC4=C3)C(C)C)=C12 |&1:13|,86.0,ASAP-0008637,Train,86.0,1.9344984512435677,1.9344984512435677,88.408,1.9464915659028246,1.9464915659028246,openadmet_polaris,2025
250,CC(C)[C@H](NC1=NC=NC2=C1C=C(C1=C(C#N)N(C)N=C1)N2)C1=CC=C2CCCS(=O)(=O)C2=C1 |&1:3|,490.0,ASAP-0008651,Train,490.0,2.690196080028514,2.690196080028514,503.72,2.7021891946877705,2.7021891946877705,openadmet_polaris,2025
251,COCCNC(=O)C1=CNC2=NC=NC(N[C@H](C3=CC=C4CCCS(=O)(=O)C4=C3)C(C)C)=C12 |&1:16|,540.0,ASAP-0008650,Train,540.0,2.7323937598229686,2.7323937598229686,555.12,2.7443868744822253,2.7443868744822253,openadmet_polaris,2025
252,CC(C)(C)[C@H](NC1=NC=NC2=C1C=C(C1=CN(CC(N)=O)N=C1)N2)C1=CC=C2OCCOC2=N1 |&1:4|,36.0,ASAP-0008648,Train,36.0,1.5563025007672873,1.5563025007672873,37.008,1.5682956154265442,1.5682956154265442,openadmet_polaris,2025
253,CC(C)[C@H](NC1=NC=NC2=C1C(C(=O)NC1CC1)=CN2)C1=CC=C2CCCS(=O)(=O)C2=C1 |&1:3|,29.0,ASAP-0008647,Train,29.0,1.462397997898956,1.462397997898956,29.812,1.474391112558213,1.474391112558213,openadmet_polaris,2025
254,CN1N=CC(C2=CC3=C(N[C@H](C4=CC=C5OCCOC5=N4)C(C)(C)C)N=CN=C3N2)=C1C#N |&1:10|,81.0,ASAP-0008645,Train,81.0,1.9084850188786497,1.9084850188786497,83.268,1.9204781335379066,1.9204781335379066,openadmet_polaris,2025
255,CC(C)[C@H](NC1=NC=NC2=C1C=C(C1=C(C#N)N(C)N=C1)N2)C1=CC=C2OCC(=O)NC2=N1 |&1:3|,70.0,ASAP-0008644,Train,70.0,1.845098040014257,1.845098040014257,71.96000000000001,1.8570911546735138,1.8570911546735138,openadmet_polaris,2025
256,CC(C)[C@H](NC1=NC=NC2=C1C=C(C1=CN(CC(N)=O)N=C1)N2)C1=CC=C2OCCOC2=N1 |&1:3|,14.0,ASAP-0008646,Train,14.0,1.146128035678238,1.146128035678238,14.392,1.1581211503374949,1.1581211503374949,openadmet_polaris,2025
257,CC(C)[C@H](NC1=NC=NC2=C1C=C(C1=CN(CC(N)=O)N=C1)N2)C1=CC=C2OCC(=O)NC2=C1 |&1:3|,17.0,ASAP-0008621,Train,17.0,1.2304489213782739,1.2304489213782739,17.476,1.2424420360375308,1.2424420360375308,openadmet_polaris,2025
258,CNC(=O)CN1C=C(C2=CC3=C(N[C@H](C4=CC=C5OCCOC5=C4)C(C)C)N=CN=C3N2)C=N1 |&1:13|,119.0,ASAP-0008565,Train,119.0,2.0755469613925306,2.0755469613925306,122.33200000000001,2.0875400760517877,2.0875400760517877,openadmet_polaris,2025
259,CNC(=O)C1=CC2=C(N[C@H](C3=CC=C4OCC(=O)NC4=C3)C(C)C)N=CN=C2N1 |&1:9|,52.0,ASAP-0008571,Train,52.0,1.7160033436347992,1.7160033436347992,53.456,1.7279964582940561,1.7279964582940561,openadmet_polaris,2025
260,CC(C)[C@H](NC1=NC=NC2=C1C=C(C1=C(C#N)N(C)N=C1)N2)C1=CC=C2OCC(=O)NC2=C1 |&1:3|,100.0,ASAP-0008576,Train,100.0,2.0,2.0,102.8,2.011993114659257,2.011993114659257,openadmet_polaris,2025
261,CC(C)(C)[C@H](NC1=NC=NC2=C1C=C(C1=CN(CC(N)=O)N=C1)N2)C1=CC=C2OCCOC2=C1 |&1:4|,133.0,ASAP-0008581,Train,133.0,2.123851640967086,2.123851640967086,136.724,2.135844755626343,2.135844755626343,openadmet_polaris,2025
262,CC(C)[C@H](NC1=NC=NC2=C1C=C(C1=CN(CCC(N)=O)N=C1)N2)C1=CC=C2OCCOC2=C1 |&1:3|,99.0,ASAP-0008482,Train,99.0,1.99563519459755,1.99563519459755,101.772,2.007628309256807,2.007628309256807,openadmet_polaris,2025
263,CN1N=CC(C2=CC3=C(N[C@H](C4=CC=C5OCCOC5=C4)C(C)(C)C)N=CN=C3N2)=C1C#N |&1:10|,85.0,ASAP-0008484,Train,85.0,1.9294189257142926,1.9294189257142926,87.38,1.9414120403735495,1.9414120403735495,openadmet_polaris,2025
264,CC(C)[C@H](NC1=NC=NC2=C1C=C(C1=CN(CC(=O)N(C)C)N=C1)N2)C1=CC=C2OCCOC2=C1 |&1:3|,142.0,ASAP-0008485,Train,142.0,2.1522883443830563,2.1522883443830563,145.976,2.1642814590423134,2.1642814590423134,openadmet_polaris,2025
265,CC(C)[C@H](NC1=NC=NC2=C1C=CN2)C1=CC=C2OCC(=O)NC2=C1 |o1:3|,31.0,ASAP-0008431,Train,31.0,1.4913616938342726,1.4913616938342726,31.868000000000002,1.5033548084935295,1.5033548084935295,openadmet_polaris,2025
266,"C[C@H](C(=O)O)[C@H](NC(=O)C1=NC=NC2=C1C=CN2)C1=CC=C(Br)C=C1 |&1:1,&2:5|",5.0,ASAP-0008445,Train,5.0,0.6989700043360189,0.6989700043360189,5.140000000000001,0.7109631189952758,0.7109631189952758,openadmet_polaris,2025
267,CC(C)[C@H](NC1=NC=NC2=C1C=C(C1=CN(CC(N)=O)N=C1)N2)C1=CC=C2OCCOC2=C1 |o1:3|,238.0,ASAP-0008450,Train,238.0,2.376576957056512,2.376576957056512,244.66400000000002,2.388570071715769,2.388570071715769,openadmet_polaris,2025
268,CC(C)[C@H](NC1=NC=NC2=C1C=C(C1=CN(CC(N)=O)N=C1)N2)C1=CC=C2OCCOC2=C1 |o1:3|,47.0,ASAP-0008449,Train,47.0,1.6720978579357175,1.6720978579357175,48.316,1.6840909725949744,1.6840909725949744,openadmet_polaris,2025
269,CC(C)[C@H](NC1=NC=NC2=C1C=CN2)C1=CC=C2OCC(=O)NC2=C1 |o1:3|,10.0,ASAP-0008430,Train,10.0,1.0,1.0,10.280000000000001,1.011993114659257,1.011993114659257,openadmet_polaris,2025
270,CCNC(=O)C1=CC2=C(N[C@H](C3=CC=C4OCCOC4=C3)C(C)C)N=CN=C2N1 |&1:10|,85.0,ASAP-0008444,Train,85.0,1.9294189257142926,1.9294189257142926,87.38,1.9414120403735495,1.9414120403735495,openadmet_polaris,2025
271,CC(C)[C@H](NC1=NC=NC2=C1C=C(C1=C(C#N)N(C)N=C1)N2)C1=CC=C2OCCOC2=N1 |&1:3|,56.0,ASAP-0008418,Train,56.0,1.7481880270062005,1.7481880270062005,57.568,1.7601811416654574,1.7601811416654574,openadmet_polaris,2025
272,CC(C)[C@H](NC1=NC=NC2=C1C(C(N)=O)=CN2)C1=CC=C2OCCOC2=C1 |&1:3|,143.0,ASAP-0008399,Train,143.0,2.155336037465062,2.155336037465062,147.004,2.1673291521243185,2.1673291521243185,openadmet_polaris,2025
273,CNC(=O)C1=CNC2=NC=NC(N[C@H](C3=CC=C4OCCOC4=C3)C(C)C)=C12 |&1:13|,79.0,ASAP-0008406,Train,79.0,1.8976270912904414,1.8976270912904414,81.212,1.9096202059496983,1.9096202059496983,openadmet_polaris,2025
274,COC1=CC=C([C@H](CC2=NN=NN2)NC(=O)C2=NC=NC3=C2C=CN3)C=C1 |&1:6|,5.0,ASAP-0008340,Train,5.0,0.6989700043360189,0.6989700043360189,5.140000000000001,0.7109631189952758,0.7109631189952758,openadmet_polaris,2025
275,CNC(=O)C1=CC2=C(N[C@H](C3=CC=C4OCCOC4=C3)C(C)C)N=CN=C2N1 |&1:9|,79.0,ASAP-0008348,Train,79.0,1.8976270912904414,1.8976270912904414,81.212,1.9096202059496983,1.9096202059496983,openadmet_polaris,2025
276,CC(C)[C@H](NC1=NC=NC2=C1C=CN2)C1=CC=C2CCCS(=O)(=O)C2=C1 |&1:3|,37.0,ASAP-0008327,Train,37.0,1.568201724066995,1.568201724066995,38.036,1.5801948387262519,1.5801948387262519,openadmet_polaris,2025
277,CC(C)[C@H](NC1=NC=NC2=C1C=C(C1=CN(CC(N)=O)N=C1)N2)C1=CC=C2OCCOC2=C1 |&1:3|,99.0,ASAP-0008288,Train,99.0,1.99563519459755,1.99563519459755,101.772,2.007628309256807,2.007628309256807,openadmet_polaris,2025
278,CC(C)[C@H](NC1=NC=NC2=C1C=CN2)C1=CC=C2OCCOC2=C1 |o1:3|,64.0,ASAP-0008279,Train,64.0,1.806179973983887,1.806179973983887,65.792,1.8181730886431442,1.8181730886431442,openadmet_polaris,2025
279,CC(C)[C@H](NC1=NC=NC2=C1C=CN2)C1=CC=C2OCCOC2=N1 |&1:3|,31.0,ASAP-0008270,Train,31.0,1.4913616938342726,1.4913616938342726,31.868000000000002,1.5033548084935295,1.5033548084935295,openadmet_polaris,2025
280,CC(C)[C@H](NC1=NC=NC2=C1C=C(C1=C(C#N)N(C)N=C1)N2)C1=CC=C2OCCOC2=C1 |&1:3|,74.0,ASAP-0008275,Train,74.0,1.8692317197309762,1.8692317197309762,76.072,1.8812248343902331,1.8812248343902331,openadmet_polaris,2025
281,C[C@H]1CN(C2=CN=CC3=CC=CC=C23)C(=O)[C@@]12CN(CC(=O)NCC1=NN(C)C=C1)C(=O)C1=CC=C(Cl)C=C12,519.0,ASAP-0000775,Train,519.0,2.7151673578484576,2.7151673578484576,533.532,2.7271604725077148,2.7271604725077148,openadmet_polaris,2025
282,C[C@H]1CN(C2=CN=CC3=CC=CC=C23)C(=O)[C@@]12CN(CC(=O)NCC1=CC=NN1C)C(=O)C1=CC=C(Cl)C=C12,364.0,ASAP-0000774,Train,364.0,2.561101383649056,2.561101383649056,374.192,2.573094498308313,2.573094498308313,openadmet_polaris,2025
283,"CNC(=O)CN1C[C@]2(C(=O)N(C3=CN=CC4=CC=CC=C34)C[C@H]2CC2CC2)C2=CC(Cl)=CC=C2C1=O |o1:7,22|",83.0,ASAP-0000738,Train,83.0,1.919078092376074,1.919078092376074,85.324,1.9310712070353309,1.9310712070353309,openadmet_polaris,2025
284,CNC(=O)CN1C[C@@]2(C(=O)N(C3=CN=CC4=CC=CC=C34)C[C@@H]2C)C2=CC(Cl)=CC=C2C1=O,23.0,ASAP-0000733,Train,23.0,1.3617278360175928,1.3617278360175928,23.644000000000002,1.3737209506768497,1.3737209506768497,openadmet_polaris,2025
285,"O=C(NC1=C2NC=C(C(=O)N[C@H]3C4=CC=CC=C4C[C@H]3C(=O)O)C2=CC=C1)NC1CC1 |&1:11,19|",6.0,ASAP-0000627,Train,6.0,0.7781512503836436,0.7781512503836436,6.168,0.7901443650429005,0.7901443650429005,openadmet_polaris,2025
286,COC1=CC=C([C@H](CC(=O)O)NC(=O)C2=NC=NC3=C2C=CN3)C=C1 |&1:6|,7.0,ASAP-0000591,Train,7.0,0.8450980400142568,0.8450980400142568,7.196,0.8570911546735137,0.8570911546735137,openadmet_polaris,2025
287,"CNC(=O)CN1C[C@]2(CCN(C3=CN=CC4=CC=C(OC[C@H](O)CN(C)C)C=C34)C2=O)C2=CC(Cl)=CC=C2C1=O |&1:7,&2:21|",8.0,ASAP-0000528,Train,8.0,0.9030899869919435,0.9030899869919435,8.224,0.9150831016512005,0.9150831016512005,openadmet_polaris,2025
288,CNC(=O)CN1C[C@@]2(C(=O)N(C3=CN=CC4=CC=CC=C34)C[C@@H]2C)C2=CC=CC=C2C1=O,3.0,ASAP-0000541,Train,3.0,0.47712125471966244,0.47712125471966244,3.084,0.4891143693789194,0.4891143693789194,openadmet_polaris,2025
289,COC1=CC=C2C(=C1)CCN(C1=NC=NC3=C1C=CN3)[C@H]2C(C)C |&1:20|,60.0,ASAP-0000502,Train,60.0,1.7781512503836436,1.7781512503836436,61.68,1.7901443650429005,1.7901443650429005,openadmet_polaris,2025
290,CC(C)[C@H](NC1=NC=NC2=C1C=CN2)C1=CC=C2OCCOC2=C1 |&1:3|,50.0,ASAP-0000450,Train,50.0,1.6989700043360187,1.6989700043360187,51.4,1.7109631189952756,1.7109631189952756,openadmet_polaris,2025
291,CC(C)[C@H](CO)NC1=NC=NC2=C1C=CN2,6.0,ASAP-0000453,Train,6.0,0.7781512503836436,0.7781512503836436,6.168,0.7901443650429005,0.7901443650429005,openadmet_polaris,2025
292,CNC(=O)CN1C[C@@]2(C(=O)N(C3=CN=CC4=CC=CC=C34)C[C@@H]2C)C2=C(C=CC(F)=C2)C1=O,1.0,ASAP-0000272,Train,1.0,0.0,0.0,1.028,0.011993114659256938,0.011993114659256938,openadmet_polaris,2025
293,C=CC(=O)NC1=CC=CC(N(CC2=CC=CC(Cl)=C2)C(=O)CC2=CN=CC3=CC=CC=C23)=C1,1070.0,ASAP-0000175,Train,1070.0,3.0293837776852097,3.0293837776852097,1099.96,3.0413768923444664,3.0413768923444664,openadmet_polaris,2025
294,O=C(O)C[C@H](NC(=O)C1=NC=NC2=C1C=CN2)C1=CC=C(Br)C=C1 |&1:4|,6.0,ASAP-0000136,Train,6.0,0.7781512503836436,0.7781512503836436,6.168,0.7901443650429005,0.7901443650429005,openadmet_polaris,2025
295,O=C(NC1=CC=CC=C1)NC1=CC=C(C(=O)NC2C3=C(CC2C(=O)O)C(O)=CC=C3)C=C1,9.0,ASAP-0000132,Train,9.0,0.9542425094393249,0.9542425094393249,9.252,0.9662356240985819,0.9662356240985819,openadmet_polaris,2025
296,C=CC(=O)N1CCCC2=CC=C(N(CC3=CC=CC(C(F)(F)F)=C3)C(=O)CC3=CN=CC4=CC=CC=C34)C=C21,614.0,ASAP-0022458,Train,614.0,2.788168371141168,2.788168371141168,631.192,2.8001614858004245,2.8001614858004245,openadmet_polaris,2025
297,C=CC(=O)N1CCCC2=CC=C(N(CC3=CC=CC(Cl)=C3)C(=O)CC3=CN=CC4=C(F)C=CC=C34)C=C21,752.0,ASAP-0022456,Train,752.0,2.876217840591642,2.876217840591642,773.056,2.888210955250899,2.888210955250899,openadmet_polaris,2025
298,C=CC(=O)N1CCCC2=CC=C(N(C(=O)CC3=CN=CC4=CC=CC=C34)N(C)C3=CC=CC(Cl)=C3)C=C21,1380.0,ASAP-0022459,Train,1380.0,3.1398790864012365,3.1398790864012365,1418.64,3.1518722010604936,3.1518722010604936,openadmet_polaris,2025
299,CC(C)NC[C@H](O)COC1=CC=CC2=CC=CC=C12 |&1:5|,25.5,ASAP-0000690,Train,25.5,1.4065401804339552,1.4065401804339552,26.214000000000002,1.4185332950932121,1.4185332950932121,openadmet_polaris,2025
300,O=C(O)CC1=CC=CC=C1NC1=C(Cl)C=CC=C1Cl,216.0,ASAP-0000691,Train,216.0,2.3344537511509307,2.3344537511509307,222.048,2.346446865810188,2.346446865810188,openadmet_polaris,2025
301,CC(C)[C@H]1C2=C(CCN1C(=O)CC1=CN=CC3=CC=CC=C13)SC=C2 |o1:3|,639.0,ASAP-0031558,Test,639.0,2.8055008581584002,2.8055008581584002,656.892,2.8174939728176573,2.8174939728176573,openadmet_polaris,2025
302,CC(C)C1(C)CCN(C(=O)CC2=CN=CC3=CC=CC=C23)CC1,242.0,ASAP-0031372,Test,242.0,2.383815365980431,2.383815365980431,248.776,2.395808480639688,2.395808480639688,openadmet_polaris,2025
303,O=C(CC1=CN=CC2=CC=CC=C12)N1CCC2=C(C=CS2)C12CCC2,463.0,ASAP-0031411,Test,463.0,2.6655809910179533,2.6655809910179533,475.964,2.67757410567721,2.67757410567721,openadmet_polaris,2025
304,CC1(CC(F)(F)F)CCN(C(=O)CC2=CN=CC3=CC=CC=C23)CC1,177.0,ASAP-0031442,Test,177.0,2.247973266361807,2.247973266361807,181.95600000000002,2.2599663810210635,2.2599663810210635,openadmet_polaris,2025
305,"CCC1=CC=C([C@H]2C[C@H](C)CCN2C(=O)CC2=CN=CC3=CC=CC=C23)O1 |o1:6,8|",690.0,ASAP-0031187,Test,690.0,2.838849090737255,2.838849090737255,709.32,2.8508422053965123,2.8508422053965123,openadmet_polaris,2025
306,O=C(CC1=CN=CC2=CC=CC=C12)N1CCC2=C(C1)N=CS2,10.8,ASAP-0031242,Test,10.8,1.0334237554869496,1.0334237554869496,11.102400000000001,1.0454168701462068,1.0454168701462068,openadmet_polaris,2025
307,CC1=CN=CC(CC(=O)N2CCC3=C(C=CS3)C2)=C1,10.2,ASAP-0031213,Test,10.2,1.0086001717619175,1.0086001717619175,10.4856,1.0205932864211744,1.0205932864211744,openadmet_polaris,2025
308,CC(C)C1(F)CCN(C(=O)CC2=CN=CC3=CC=CC=C23)CC1,111.0,ASAP-0031146,Test,111.0,2.0453229787866576,2.0453229787866576,114.108,2.0573160934459143,2.0573160934459143,openadmet_polaris,2025
309,COCC1CCN(C(=O)CC2=CN=CC3=CC=CC=C23)CC1,23.8,ASAP-0030055,Test,23.8,1.376576957056512,1.376576957056512,24.4664,1.388570071715769,1.388570071715769,openadmet_polaris,2025
310,"O=C1C2=CC=C(Cl)C=C2[C@@]2(CN1CC1=NNC=C1)C(=O)N(C1=CN=CC3=CC=CC=C13)C[C@@H]2CNC1=NN=C(C(F)(F)F)O1 |a:9,32|",86.3,ASAP-0029987,Test,86.3,1.9360107957152095,1.9360107957152095,88.7164,1.9480039103744664,1.9480039103744664,openadmet_polaris,2025
311,"O=C1C2=CC=C(Cl)C=C2[C@@]2(CN1CC1=NNC=C1)C(=O)N(C1=CN=CC3=CC=CC=C13)C[C@@H]2CNC1=NN=CS1 |a:9,32|",86.1,ASAP-0029984,Test,86.1,1.9350031514536548,1.9350031514536548,88.5108,1.9469962661129117,1.9469962661129117,openadmet_polaris,2025
312,O=C(CC1=CN=CC2=CC=CC=C12)N1CCC(C(F)(F)F)CC1,78.5,ASAP-0029947,Test,78.5,1.8948696567452525,1.8948696567452525,80.69800000000001,1.9068627714045094,1.9068627714045094,openadmet_polaris,2025
313,"CC1=NC=CC(CN2C[C@@]3(C(=O)N(C4=CN=CC5=CC=CC=C45)C[C@@H]3CNC3=NN=CO3)C3=CC(Cl)=CC=C3C2=O)=N1 |a:9,24|",38.6,ASAP-0029694,Test,38.6,1.586587304671755,1.586587304671755,39.680800000000005,1.598580419331012,1.598580419331012,openadmet_polaris,2025
314,CCC1CCN(C(=O)CC2=CN=CC3=CC=CC=C23)CC1,82.6,ASAP-0029657,Test,82.6,1.9169800473203822,1.9169800473203822,84.91279999999999,1.928973161979639,1.928973161979639,openadmet_polaris,2025
315,"CC1=NC=CC(CN2C[C@@]3(C(=O)N(C4=CN=CC5=CC=CC=C45)C[C@@H]3CNC3=NN=C(C(F)(F)F)O3)C3=CC(Cl)=CC=C3C2=O)=N1 |a:9,24|",97.7,ASAP-0029741,Test,97.7,1.989894563718773,1.989894563718773,100.43560000000001,2.00188767837803,2.00188767837803,openadmet_polaris,2025
316,"C[C@@H]1CCN(C(=O)CC2=CN=CC3=CC=CC=C23)[C@H](C)C1 |a:1,18|",128.0,ASAP-0029738,Test,128.0,2.1072099696478683,2.1072099696478683,131.584,2.1192030843071255,2.1192030843071255,openadmet_polaris,2025
317,CC1(C)CCN(C(=O)CC2=CN=CC3=CC=CC=C23)CC1,44.6,ASAP-0029707,Test,44.6,1.649334858712142,1.649334858712142,45.848800000000004,1.6613279733713988,1.6613279733713988,openadmet_polaris,2025
318,CC(C)C1CCN(C(=O)CC2=CN=CC3=CC=CC=C23)CC1,218.0,ASAP-0029604,Test,218.0,2.3384564936046046,2.3384564936046046,224.104,2.3504496082638617,2.3504496082638617,openadmet_polaris,2025
319,"CC1=NC=CC(CN2C[C@@]3(C(=O)N(C4=CN=CC5=CC=CC=C45)C[C@@H]3CNC3=NN=C(C)O3)C3=CC(Cl)=CC=C3C2=O)=N1 |a:9,24|",13.4,ASAP-0029643,Test,13.4,1.1271047983648077,1.1271047983648077,13.7752,1.1390979130240646,1.1390979130240646,openadmet_polaris,2025
320,"C[C@H]1C[C@@H](C)N(C(=O)CC2=CN=CC3=CC=CC=C23)[C@@H](C)C1 |a:1,3,19|",382.0,ASAP-0029634,Test,382.0,2.582063362911709,2.582063362911709,392.696,2.5940564775709656,2.5940564775709656,openadmet_polaris,2025
321,"CC1=NC=CC(CN2C[C@@]3(C(=O)N(C4=CN=CC5=CC=CC=C45)C[C@@H]3CNC3=NN=CS3)C3=CC(Cl)=CC=C3C2=O)=N1 |a:9,24|",80.3,ASAP-0029560,Test,80.3,1.904715545278681,1.904715545278681,82.5484,1.916708659937938,1.916708659937938,openadmet_polaris,2025
322,O=C(CC1=CN=CC2=CC=CC=C12)N1CCC(C(F)F)CC1,34.5,ASAP-0029539,Test,34.5,1.5378190950732742,1.5378190950732742,35.466,1.549812209732531,1.549812209732531,openadmet_polaris,2025
323,CC(F)(F)C1CCN(C(=O)CC2=CN=CC3=CC=CC=C23)CC1,72.6,ASAP-0029423,Test,72.6,1.8609366207000937,1.8609366207000937,74.63279999999999,1.8729297353593506,1.8729297353593506,openadmet_polaris,2025
324,CC(C)CC1(C)CCN(C(=O)CC2=CN=CC3=CC=CC=C23)CC1,712.0,ASAP-0029287,Test,712.0,2.8524799936368566,2.8524799936368566,731.936,2.8644731082961132,2.8644731082961132,openadmet_polaris,2025
325,O=C(CC1=CN=CC2=CC=CC=C12)N(CC1=CC=CC(Cl)=C1)C1=CC=C2N=CNC2=C1,368.0,ASAP-0028999,Test,368.0,2.5658478186735176,2.5658478186735176,378.30400000000003,2.5778409333327748,2.5778409333327748,openadmet_polaris,2025
326,COC1=CC=C(N(CC2=CC=CC(Cl)=C2)C(=O)CC2=CN=CC=C2C)C=C1,789.0,ASAP-0028832,Test,789.0,2.89707700320942,2.89707700320942,811.092,2.9090701178686773,2.9090701178686773,openadmet_polaris,2025
327,C[C@H]1C2=C(CCN1C(=O)CC1=CN=CC3=CC=CC=C13)SC=C2 |o1:1|,274.0,ASAP-0028820,Test,274.0,2.437750562820388,2.437750562820388,281.672,2.449743677479645,2.449743677479645,openadmet_polaris,2025
328,CC1=NC2=CC=C(N(CC3=CC=CC(Cl)=C3)C(=O)CC3=CN=CC4=CC=CC=C34)C=C2N1,498.0,ASAP-0028818,Test,498.0,2.6972293427597176,2.6972293427597176,511.944,2.7092224574189743,2.7092224574189743,openadmet_polaris,2025
329,O=C(CC1=CN=CC2=CC=CC=C12)N1CCCN2N=CC=C2C1,103.0,ASAP-0028833,Test,103.0,2.012837224705172,2.012837224705172,105.884,2.024830339364429,2.024830339364429,openadmet_polaris,2025
330,O=C(CC1=CN=CC2=CC=CC=C12)N1CCC2=C(Cl)C=CC=C2C1,423.0,ASAP-0028823,Test,423.0,2.6263403673750423,2.6263403673750423,434.844,2.6383334820342994,2.6383334820342994,openadmet_polaris,2025
331,C[C@H]1C2=C(CCN1C(=O)CC1=CN=CC3=CC=CC=C13)SC=C2 |o1:1|,273.0,ASAP-0028819,Test,273.0,2.436162647040756,2.436162647040756,280.644,2.448155761700013,2.448155761700013,openadmet_polaris,2025
332,C[C@H]1CCN(C(=O)CC2=CN=CC3=CC=CC=C23)CCO1 |&1:1|,21.7,ASAP-0028872,Test,21.7,1.3364597338485296,1.3364597338485296,22.3076,1.3484528485077865,1.3484528485077865,openadmet_polaris,2025
333,C[C@H]1CN(C(=O)CC2=CN=CC3=CC=CC=C23)CCCO1 |&1:1|,18.2,ASAP-0028881,Test,18.2,1.2600713879850747,1.2600713879850747,18.7096,1.2720645026443316,1.2720645026443316,openadmet_polaris,2025
334,CC1CCN(C(=O)CC2=CN=CC3=CC=CC=C23)CC1,28.5,ASAP-0028856,Test,28.5,1.4548448600085102,1.4548448600085102,29.298000000000002,1.466837974667767,1.466837974667767,openadmet_polaris,2025
335,CC1=NC2=C(CCN(C(=O)CC3=CN=CC4=CC=CC=C34)C2)N1C,13.1,ASAP-0028844,Test,13.1,1.1172712956557642,1.1172712956557642,13.4668,1.1292644103150211,1.1292644103150211,openadmet_polaris,2025
336,CC[C@H]1C2=C(CCN1C(=O)CC1=CN=CC3=CC=CC=C13)SC=C2 |o1:2|,754.0,ASAP-0028838,Test,754.0,2.877371345869774,2.877371345869774,775.112,2.889364460529031,2.889364460529031,openadmet_polaris,2025
337,CC[C@H]1C2=C(CCN1C(=O)CC1=CN=CC3=CC=CC=C13)SC=C2 |o1:2|,753.0,ASAP-0028837,Test,753.0,2.8767949762007006,2.8767949762007006,774.0840000000001,2.8887880908599577,2.8887880908599577,openadmet_polaris,2025
338,O=C(CC1=CN=CC2=CC=CC=C12)N(CC1=CC=CC(Cl)=C1)C1=CC=C2C=CNC2=C1,271.0,ASAP-0028002,Test,271.0,2.432969290874406,2.432969290874406,278.588,2.4449624055336625,2.4449624055336625,openadmet_polaris,2025
339,COC1=CC=C(N(CC2=CC=CC(Cl)=C2)C(=O)CC2=CN=CC(C)=C2)C=C1,216.0,ASAP-0028001,Test,216.0,2.3344537511509307,2.3344537511509307,222.048,2.346446865810188,2.346446865810188,openadmet_polaris,2025
340,O=C(CC1=CN=CC2=CC=CC=C12)N1CCC2=C(C=CS2)C1,65.5,ASAP-0027976,Test,65.5,1.816241299991783,1.816241299991783,67.334,1.82823441465104,1.82823441465104,openadmet_polaris,2025
341,O=C(CC1=CN=CC2=CC=CC=C12)N1CCCCCC1,27.8,ASAP-0027997,Test,27.8,1.4440447959180762,1.4440447959180762,28.578400000000002,1.4560379105773333,1.4560379105773333,openadmet_polaris,2025
342,C[C@H]1CCCN(C(=O)CC2=CN=CC3=CC=CC=C23)C1 |&1:1|,34.3,ASAP-0028004,Test,34.3,1.5352941200427705,1.5352941200427705,35.2604,1.5472872347020274,1.5472872347020274,openadmet_polaris,2025
343,C[C@H]1CCCCN1C(=O)CC1=CN=CC2=CC=CC=C12 |&1:1|,14.5,ASAP-0028012,Test,14.5,1.1613680022349748,1.1613680022349748,14.906,1.1733611168942317,1.1733611168942317,openadmet_polaris,2025
344,O=C(CC1=CN=CC2=CC=CC=C12)N1CCC2=C(C1)N=CN2,11.7,ASAP-0027975,Test,11.7,1.0681858617461617,1.0681858617461617,12.0276,1.0801789764054186,1.0801789764054186,openadmet_polaris,2025
345,COC1=CC=C(N(CC2=CC=CC(Cl)=C2)C(=O)CC2=CC=CN=C2)C=C1,280.0,ASAP-0027924,Test,280.0,2.4471580313422194,2.4471580313422194,287.84000000000003,2.459151146001476,2.459151146001476,openadmet_polaris,2025
346,C[C@H]1CCCCCN1C(=O)CC1=CN=CC2=CC=CC=C12 |&1:1|,88.9,ASAP-0027949,Test,88.9,1.9489017609702137,1.9489017609702137,91.3892,1.9608948756294706,1.9608948756294706,openadmet_polaris,2025
347,C[C@H]1CCCCN(C(=O)CC2=CN=CC3=CC=CC=C23)C1 |&1:1|,163.0,ASAP-0027969,Test,163.0,2.2121876044039577,2.2121876044039577,167.564,2.224180719063215,2.224180719063215,openadmet_polaris,2025
348,C[C@H]1CCCN(C(=O)CC2=CN=CC3=CC=CC=C23)CC1 |&1:1|,96.6,ASAP-0027994,Test,96.6,1.9849771264154934,1.9849771264154934,99.3048,1.9969702410747503,1.9969702410747503,openadmet_polaris,2025
349,CC1=NC2=NC=NN2C(SC2=NN=C(C3=CC=C(Cl)C=C3)N2C)=C1,45.5,ASAP-0023179,Test,45.5,1.6580113966571124,1.6580113966571124,46.774,1.6700045113163693,1.6700045113163693,openadmet_polaris,2025
350,CC1=NN=C(SC2=CC(C3=CC=CC=C3)=NC3=NC=NN23)N1C,66.9,ASAP-0022922,Test,66.9,1.825426117767823,1.825426117767823,68.7732,1.8374192324270802,1.8374192324270802,openadmet_polaris,2025
351,"CCS(=O)(=O)N[C@H]1CN(C2=CN=CC3=CC=CC=C23)C(=O)[C@@]12CN(CC(=O)NC)C(=O)C1=CC=C(Cl)C=C12 |a:6,21|",82.4,ASAP-0021174,Test,82.4,1.9159272116971158,1.9159272116971158,84.70720000000001,1.927920326356373,1.927920326356373,openadmet_polaris,2025
352,"CNC(=O)CN1C[C@@]2(C(=O)N(C3=CN=CC4=CC=CC=C34)C[C@@H]2NC(C)=O)C2=CC(Cl)=CC=C2C1=O |a:7,22|",80.9,ASAP-0020941,Test,80.9,1.9079485216122722,1.9079485216122722,83.16520000000001,1.9199416362715294,1.9199416362715294,openadmet_polaris,2025
353,"O=C1C2=CC=C(Cl)C=C2[C@@]2(CN1CC1=CC=NN=C1)C(=O)N(C1=CN=CC3=CC=CC=C13)C[C@@H]2CNC1=NN=CS1 |a:9,33|",33.6,ASAP-0017647,Test,33.6,1.526339277389844,1.526339277389844,34.540800000000004,1.538332392049101,1.538332392049101,openadmet_polaris,2025
354,"CNC(=O)CN1C[C@]2(C(=O)N(C3=CN=CC4=CC=CC=C34)C[C@H]2OCC2CC2)C2=CC(Cl)=CC=C2C1=O |&1:7,22|",24.4,ASAP-0017685,Test,24.4,1.3873898263387294,1.3873898263387294,25.083199999999998,1.3993829409979863,1.3993829409979863,openadmet_polaris,2025
355,"CCO[C@H]1CN(C2=CN=CC3=CC=CC=C23)C(=O)[C@@]12CN(CC(=O)NC)C(=O)C1=CC=C(Cl)C=C12 |&1:3,18|",18.8,ASAP-0017386,Test,18.8,1.2741578492636798,1.2741578492636798,19.3264,1.2861509639229367,1.2861509639229367,openadmet_polaris,2025
356,"O=C1C2=CC=C(Cl)C=C2[C@@]2(CN1CC1=NN=CO1)C(=O)N(C1=CN=CC3=CC=CC=C13)C[C@@H]2CNC1=NC=NC=N1 |a:9,32|",43.4,ASAP-0017058,Test,43.4,1.6374897295125106,1.6374897295125106,44.6152,1.6494828441717677,1.6494828441717677,openadmet_polaris,2025
357,"COC(=O)N[C@H](C(=O)N1C[C@H](C(F)(F)F)C[C@H]1C(=O)N[C@H](C#N)C[C@@H]1CCNC1=O)C(C)(C)C |a:5,10,16,24,o1:20|",17.0,ASAP-0016973,Test,17.0,1.2304489213782739,1.2304489213782739,17.476,1.2424420360375308,1.2424420360375308,openadmet_polaris,2025
358,"CNC(=O)CN1C[C@@]2(C(=O)N(C3=CN=CC4=CC=CC=C34)C[C@@H]2NCC2CC2)C2=CC(Cl)=CC=C2C1=O |a:7,22|",48.0,ASAP-0016902,Test,48.0,1.6812412373755872,1.6812412373755872,49.344,1.693234352034844,1.693234352034844,openadmet_polaris,2025
359,"CNC(=O)CN1C[C@@]2(C(=O)N(C3=CN=CC4=CC=CC=C34)C[C@@H]2NS(C)(=O)=O)C2=CC(Cl)=CC=C2C1=O |a:7,22|",60.5,ASAP-0016838,Test,60.5,1.7817553746524688,1.7817553746524688,62.194,1.793748489311726,1.793748489311726,openadmet_polaris,2025
360,"CNC(=O)CN1C[C@@]2(C(=O)N(C3=CN=CC4=CC=CC=C34)C[C@@H]2NC)C2=CC(Cl)=CC=C2C1=O |a:7,22|",10.7,ASAP-0016592,Test,10.7,1.0293837776852097,1.0293837776852097,10.9996,1.0413768923444666,1.0413768923444666,openadmet_polaris,2025
361,"C[C@H]1CN(CCN2C[C@@]3(C(=O)N(C4=CN=CC5=CC=CC=C45)C[C@@H]3C)C3=CC(Cl)=CC=C3C2=O)C[C@@H](C)O1 |a:1,8,23,35|",314.0,ASAP-0016591,Test,314.0,2.496929648073215,2.496929648073215,322.79200000000003,2.508922762732472,2.508922762732472,openadmet_polaris,2025
362,"CNC(=O)CN1C[C@@]2(C(=O)N(C3=CN=CC4=CC=CC=C34)C[C@@H]2COCC2CC2)C2=CC(Cl)=CC=C2C1=O |a:7,22|",18.1,ASAP-0016541,Test,18.1,1.2576785748691846,1.2576785748691846,18.606800000000003,1.2696716895284414,1.2696716895284414,openadmet_polaris,2025
363,"CNC(=O)CN1C[C@@]2(C(=O)N(C3=CN=CC4=CC=CC=C34)C[C@@H]2NC(C)C)C2=CC(Cl)=CC=C2C1=O |a:7,22|",48.2,ASAP-0016543,Test,48.2,1.6830470382388496,1.6830470382388496,49.549600000000005,1.6950401528981065,1.6950401528981065,openadmet_polaris,2025
364,"O=C1C2=CC=C(Cl)C=C2[C@@]2(CN1CC1=CC=NN=C1)C(=O)N(C1=CN=CC3=CC=CC=C13)C[C@@H]2CNC1=CC=NC=N1 |a:9,33|",21.7,ASAP-0016539,Test,21.7,1.3364597338485296,1.3364597338485296,22.3076,1.3484528485077865,1.3484528485077865,openadmet_polaris,2025
365,"C[C@H]1CN(C2=CN=CC3=CC=CC=C23)C(=O)[C@@]12CN(CCN1CCC1)C(=O)C1=CC=C(Cl)C=C12 |a:1,16|",12.3,ASAP-0016542,Test,12.3,1.089905111439398,1.089905111439398,12.644400000000001,1.101898226098655,1.101898226098655,openadmet_polaris,2025
366,C=CC(=O)N1CCCC2=CC=C(N(CC3=CC=CC(Cl)=C3)C(=O)CC3=CN=CC4=CC=CC=C34)C=C21,998.0,ASAP-0016094,Test,998.0,2.999130541287371,2.999130541287371,1025.944,3.011123655946628,3.011123655946628,openadmet_polaris,2025
367,"C[C@H]1CN(C2=CN=CC3=CC=CC=C23)C(=O)[C@@]12CN(C1CCNCC1)C(=O)C1=CC=C(Cl)C=C12 |a:1,16|",23.0,ASAP-0015900,Test,23.0,1.3617278360175928,1.3617278360175928,23.644000000000002,1.3737209506768497,1.3737209506768497,openadmet_polaris,2025
368,"CC1=NN=C(CN2C[C@@]3(C(=O)N(C4=CN=CC5=CC=CC=C45)C[C@@H]3CNC3=CC=NC=N3)C3=CC(Cl)=CC=C3C2=O)O1 |a:8,23|",105.0,ASAP-0015906,Test,105.0,2.0211892990699383,2.0211892990699383,107.94,2.033182413729195,2.033182413729195,openadmet_polaris,2025
369,"O=C1C2=CC=C(Cl)C=C2[C@@]2(CN1CC1COC1)C(=O)N(C1=CN=CC3=CC=CC=C13)C[C@@H]2CNC1=CC=NC=N1 |a:9,31|",39.0,ASAP-0015904,Test,39.0,1.591064607026499,1.591064607026499,40.092,1.6030577216857562,1.6030577216857562,openadmet_polaris,2025
370,"CNCCN1C[C@@]2(C(=O)N(C3=CN=CC4=CC=CC=C34)C[C@@H]2COCC2CC2)C2=CC(Cl)=CC=C2C1=O |a:6,21|",18.0,ASAP-0015773,Test,18.0,1.255272505103306,1.255272505103306,18.504,1.2672656197625631,1.2672656197625631,openadmet_polaris,2025
371,"C[C@H]1CN(CCN2C[C@@]3(C(=O)N(C4=CN=CC5=CC=CC=C45)C[C@@H]3C)C3=CC(Cl)=CC=C3C2=O)[C@@H](C)CO1 |a:1,8,23,34|",823.0,ASAP-0015657,Test,823.0,2.91539983521227,2.91539983521227,846.044,2.9273929498715265,2.9273929498715265,openadmet_polaris,2025
372,"C[C@H]1CN(C2=CN=CC3=CC=CC=C23)C(=O)[C@@]12CN(CCN1C[C@H]3CC[C@H](C1)O3)C(=O)C1=CC=C(Cl)C=C12 |a:1,16,&1:23,&2:26|",1050.0,ASAP-0015666,Test,1050.0,3.0211892990699383,3.0211892990699383,1079.4,3.033182413729195,3.033182413729195,openadmet_polaris,2025
373,"CNC(=O)CN1C[C@@]2(C(=O)N(C3=CN=CC4=CC=CC=C34)C[C@@H]2COC2CCC2)C2=CC(Cl)=CC=C2C1=O |a:7,22|",13.0,ASAP-0015648,Test,13.0,1.1139433523068367,1.1139433523068367,13.364,1.1259364669660936,1.1259364669660936,openadmet_polaris,2025
374,"C[C@@H]1CN(CCN2C[C@@]3(C(=O)N(C4=CN=CC5=CC=CC=C45)C[C@@H]3C)C3=CC(Cl)=CC=C3C2=O)[C@H](C)CO1 |a:1,8,23,34|",589.0,ASAP-0015656,Test,589.0,2.7701152947871015,2.7701152947871015,605.492,2.7821084094463586,2.7821084094463586,openadmet_polaris,2025
375,"C[C@H]1CN(C2=CN=CC3=CC=CC=C23)C(=O)[C@@]12CN(CCN1CC(F)(F)C1)C(=O)C1=CC=C(Cl)C=C12 |a:1,16|",309.0,ASAP-0015660,Test,309.0,2.4899584794248346,2.4899584794248346,317.652,2.5019515940840917,2.5019515940840917,openadmet_polaris,2025
376,"C[C@H]1CN(CCN2C[C@@]3(C(=O)N(C4=CN=CC5=CC=CC=C45)C[C@@H]3C)C3=CC(Cl)=CC=C3C2=O)C[C@H](C)O1 |a:1,8,23,35|",1090.0,ASAP-0015663,Test,1090.0,3.037426497940624,3.037426497940624,1120.52,3.0494196125998805,3.0494196125998805,openadmet_polaris,2025
377,"C[C@H]1CN(C2=CN=CC3=CC=CC=C23)C(=O)[C@@]12CN(CCN1C[C@H]3C[C@@H]1CO3)C(=O)C1=CC=C(Cl)C=C12 |a:1,16,23,25|",108.0,ASAP-0015672,Test,108.0,2.03342375548695,2.03342375548695,111.024,2.0454168701462065,2.0454168701462065,openadmet_polaris,2025
378,"C[C@H]1CN(C2=CN=CC3=CC=CC=C23)C(=O)[C@@]12CN(CCN1C[C@@H]3COC[C@@H]3C1)C(=O)C1=CC=C(Cl)C=C12 |a:1,16,23,27|",321.0,ASAP-0015669,Test,321.0,2.506505032404872,2.506505032404872,329.988,2.518498147064129,2.518498147064129,openadmet_polaris,2025
379,"C[C@@H]1CN(CCN2C[C@@]3(C(=O)N(C4=CN=CC5=CC=CC=C45)C[C@@H]3C)C3=CC(Cl)=CC=C3C2=O)CCO1 |a:1,8,23|",287.0,ASAP-0015677,Test,287.0,2.4578818967339924,2.4578818967339924,295.036,2.469875011393249,2.469875011393249,openadmet_polaris,2025
380,"C[C@@H]1CN(CCN2C[C@@]3(C(=O)N(C4=CN=CC5=CC=CC=C45)C[C@@H]3C)C3=CC(Cl)=CC=C3C2=O)C[C@@H](C)O1 |a:1,8,23,35|",541.0,ASAP-0015679,Test,541.0,2.7331972651065692,2.7331972651065692,556.148,2.7451903797658264,2.7451903797658264,openadmet_polaris,2025
381,"C[C@H]1CN(CCN2C[C@@]3(C(=O)N(C4=CN=CC5=CC=CC=C45)C[C@@H]3C)C3=CC(Cl)=CC=C3C2=O)CCO1 |a:1,8,23|",331.0,ASAP-0015514,Test,331.0,2.519827993775719,2.519827993775719,340.26800000000003,2.5318211084349755,2.5318211084349755,openadmet_polaris,2025
382,"C[C@H]1COC[C@@H](C)N1CCN1C[C@@]2(C(=O)N(C3=CN=CC4=CC=CC=C34)C[C@@H]2C)C2=CC(Cl)=CC=C2C1=O |a:1,5,12,27|",484.0,ASAP-0015512,Test,484.0,2.6848453616444123,2.6848453616444123,497.552,2.6968384763036695,2.6968384763036695,openadmet_polaris,2025
383,"C[C@H]1CN(C2=CN=CC3=CC=CC=C23)C(=O)[C@@]12CN(CCN1CCOC(C)(C)C1)C(=O)C1=CC=C(Cl)C=C12 |a:1,16|",870.0,ASAP-0015508,Test,870.0,2.9395192526186187,2.9395192526186187,894.36,2.9515123672778754,2.9515123672778754,openadmet_polaris,2025
384,"C[C@@H]1COC[C@@H](C)N1CCN1C[C@@]2(C(=O)N(C3=CN=CC4=CC=CC=C34)C[C@@H]2C)C2=CC(Cl)=CC=C2C1=O |a:1,5,12,27|",325.0,ASAP-0015376,Test,325.0,2.5118833609788744,2.5118833609788744,334.1,2.5238764756381316,2.5238764756381316,openadmet_polaris,2025
385,"CNC(=O)CN1C[C@@]2(C(=O)N(C3=CN=CC4=CC=CC=C34)C[C@@H]2CNC2=NN=CS2)C2=CC(Cl)=CC=C2C1=O |a:7,22|",41.0,ASAP-0015239,Test,41.0,1.6127838567197355,1.6127838567197355,42.148,1.6247769713789924,1.6247769713789924,openadmet_polaris,2025
386,"CNC(=O)CN1C[C@@]2(C(=O)N(C3=CN=CC4=CC=CC=C34)C[C@@H]2CCl)C2=CC(Cl)=CC=C2C1=O |a:7,22|",52.0,ASAP-0015078,Test,52.0,1.7160033436347992,1.7160033436347992,53.456,1.7279964582940561,1.7279964582940561,openadmet_polaris,2025
387,"CNC(=O)CN1C[C@@]2(C(=O)N(C3=CN=CC4=CC=CC=C34)C[C@@H]2CNC2=NC=NC=N2)C2=CC(Cl)=CC=C2C1=O |a:7,22|",35.0,ASAP-0015108,Test,35.0,1.5440680443502757,1.5440680443502757,35.980000000000004,1.5560611590095326,1.5560611590095326,openadmet_polaris,2025
388,"C[C@H]1CN(C2=CN=CC3=CC=CC=C23)C(=O)[C@@]12CN(CCN1CCC3(COC3)C1)C(=O)C1=CC=C(Cl)C=C12 |a:1,16|",281.0,ASAP-0015092,Test,281.0,2.44870631990508,2.44870631990508,288.868,2.460699434564337,2.460699434564337,openadmet_polaris,2025
389,"COC[C@H]1CN(C2=CN=CC3=CC=CC=C23)C(=O)[C@@]12CN(CC1=CNC=N1)C(=O)C1=CC=C(Cl)C=C12 |a:3,18|",17.0,ASAP-0014936,Test,17.0,1.2304489213782739,1.2304489213782739,17.476,1.2424420360375308,1.2424420360375308,openadmet_polaris,2025
390,"COC[C@H]1CN(C2=CN=CC3=CC=CC=C23)C(=O)[C@@]12CN(CC1=NC=CN1)C(=O)C1=CC=C(Cl)C=C12 |a:3,18|",114.0,ASAP-0014948,Test,114.0,2.0569048513364727,2.0569048513364727,117.19200000000001,2.0688979659957294,2.0688979659957294,openadmet_polaris,2025
391,"C[C@H]1CN(C2=CN=CC3=CC=CC=C23)C(=O)[C@@]12CN(CC1=CC=NC=N1)C(=O)C1=CC=C(F)C=C12 |a:1,16|",43.0,ASAP-0014794,Test,43.0,1.6334684555795864,1.6334684555795864,44.204,1.6454615702388435,1.6454615702388435,openadmet_polaris,2025
392,"C[C@H]1CN(C2=CN=CC3=CC=CC=C23)C(=O)[C@@]12CN(CC1=NN(C)N=N1)C(=O)C1=CC=C(F)C=C12 |a:1,16|",16.0,ASAP-0014758,Test,16.0,1.2041199826559248,1.2041199826559248,16.448,1.2161130973151817,1.2161130973151817,openadmet_polaris,2025
393,"C[C@H]1CN(C2=CN=CC3=CC=CC=C23)C(=O)[C@@]12CN(CC1=NN(C)N=C1)C(=O)C1=CC=C(F)C=C12 |a:1,16|",29.0,ASAP-0014753,Test,29.0,1.462397997898956,1.462397997898956,29.812,1.474391112558213,1.474391112558213,openadmet_polaris,2025
394,"CC1=NC(CN2C[C@@]3(C(=O)N(C4=CN=CC5=CC=CC=C45)C[C@@H]3C)C3=CC(F)=CC=C3C2=O)=CO1 |a:7,22|",163.0,ASAP-0014750,Test,163.0,2.2121876044039577,2.2121876044039577,167.564,2.224180719063215,2.224180719063215,openadmet_polaris,2025
395,"CC1=NC(CN2C[C@@]3(C(=O)N(C4=CN=CC5=CC=CC=C45)C[C@@H]3C)C3=CC(F)=CC=C3C2=O)=NO1 |a:7,22|",22.0,ASAP-0014762,Test,22.0,1.3424226808222062,1.3424226808222062,22.616,1.354415795481463,1.354415795481463,openadmet_polaris,2025
396,"C[C@H]1CN(C2=CN=CC3=CC=CC=C23)C(=O)[C@@]12CN(CCN1CCS(=O)(=O)CC1)C(=O)C1=CC=C(Cl)C=C12 |a:1,16|",230.0,ASAP-0014717,Test,230.0,2.361727836017593,2.361727836017593,236.44,2.3737209506768497,2.3737209506768497,openadmet_polaris,2025
397,"C[C@H]1CN(C2=CN=CC3=CC=CC=C23)C(=O)[C@@]12CN(CC1=NOC=C1)C(=O)C1=CC=C(F)C=C12 |a:1,16|",53.0,ASAP-0014764,Test,53.0,1.724275869600789,1.724275869600789,54.484,1.736268984260046,1.736268984260046,openadmet_polaris,2025
398,"C[C@H]1CN(C2=CN=CC3=CC=CC=C23)C(=O)[C@@]12CN(CC1=NN(C)C=C1)C(=O)C1=CC=C(F)C=C12 |a:1,16|",85.0,ASAP-0014770,Test,85.0,1.9294189257142926,1.9294189257142926,87.38,1.9414120403735495,1.9414120403735495,openadmet_polaris,2025
399,"C[C@H]1CN(C2=CN=CC3=CC=CC=C23)C(=O)[C@@]12CN(CC1=CN(C)N=C1)C(=O)C1=CC=C(F)C=C12 |a:1,16|",48.0,ASAP-0014773,Test,48.0,1.6812412373755872,1.6812412373755872,49.344,1.693234352034844,1.693234352034844,openadmet_polaris,2025
400,"COC[C@H]1CN(C2=CN=CC3=CC=CC=C23)C(=O)[C@@]12CN(CC1=CC=NN1)C(=O)C1=CC=C(Cl)C=C12 |a:3,18|",156.0,ASAP-0014789,Test,156.0,2.1931245983544616,2.1931245983544616,160.368,2.2051177130137187,2.2051177130137187,openadmet_polaris,2025
401,"C[C@H]1CN(C2=CN=CC3=CC=CC=C23)C(=O)[C@@]12CN(CCN1CCCC1=O)C(=O)C1=CC=C(Cl)C=C12 |a:1,16|",406.0,ASAP-0014632,Test,406.0,2.6085260335771943,2.6085260335771943,417.368,2.620519148236451,2.620519148236451,openadmet_polaris,2025
402,"CC1=NC=C(CN2C[C@@]3(C(=O)N(C4=CN=CC5=CC=CC=C45)C[C@@H]3C)C3=CC(F)=CC=C3C2=O)O1 |a:8,23|",143.0,ASAP-0014619,Test,143.0,2.155336037465062,2.155336037465062,147.004,2.1673291521243185,2.1673291521243185,openadmet_polaris,2025
